hemi,roi,trial_type,run,response,subject_label
l,EBA,belief,0.5,-0.1703006802584202,sub-01
l,EBA,body,4.0,0.1770136722349549,sub-01
l,EBA,com_ind,4.0,0.1721166634898998,sub-01
l,EBA,com_phy,4.0,0.3103154420883048,sub-01
l,EBA,face_first,4.0,-0.1332099874658974,sub-01
l,EBA,face_noncom,4.0,0.1200817821348363,sub-01
l,EBA,face_third,4.0,-0.066701260801982,sub-01
l,EBA,ind,4.0,0.2420409809849831,sub-01
l,EBA,interact,1.5,0.1774765081441626,sub-01
l,EBA,noninteract,1.5,0.0718041498425223,sub-01
l,EBA,object,4.0,0.0706597434170371,sub-01
l,EBA,photo,0.5,-0.1630533023539821,sub-01
l,EBA,phy,4.0,0.2031156702890787,sub-01
l,EVC,belief,0.5,1.3928671420624037,sub-01
l,EVC,body,4.0,1.2618520288024044,sub-01
l,EVC,com_ind,4.0,1.4526945264800977,sub-01
l,EVC,com_phy,4.0,1.812975181507375,sub-01
l,EVC,face_first,4.0,1.1062436191494058,sub-01
l,EVC,face_noncom,4.0,1.318863342649591,sub-01
l,EVC,face_third,4.0,1.1266233352949957,sub-01
l,EVC,ind,4.0,1.4703394274092996,sub-01
l,EVC,interact,1.5,0.7176406934682092,sub-01
l,EVC,noninteract,1.5,0.7205446545869016,sub-01
l,EVC,object,4.0,1.713090297415715,sub-01
l,EVC,photo,0.5,1.392007422095754,sub-01
l,EVC,phy,4.0,1.416297658907409,sub-01
l,FFA,belief,0.5,0.9780241279655304,sub-01
l,FFA,body,4.0,0.0668285472880838,sub-01
l,FFA,com_ind,4.0,0.2895942721235344,sub-01
l,FFA,com_phy,4.0,0.4454544375406941,sub-01
l,FFA,face_first,4.0,0.5483164881173818,sub-01
l,FFA,face_noncom,4.0,0.3691028026994186,sub-01
l,FFA,face_third,4.0,0.4132484964050767,sub-01
l,FFA,ind,4.0,0.3505890326680927,sub-01
l,FFA,interact,1.5,0.0450424610923572,sub-01
l,FFA,noninteract,1.5,-0.0033374163427282,sub-01
l,FFA,object,4.0,0.3013231251419768,sub-01
l,FFA,photo,0.5,0.8753695042319618,sub-01
l,FFA,phy,4.0,0.2328782433448686,sub-01
l,MT,belief,0.5,1.528012702895758,sub-01
l,MT,body,4.0,1.1596640175888746,sub-01
l,MT,com_ind,4.0,0.994315963193944,sub-01
l,MT,com_phy,4.0,1.362321766999304,sub-01
l,MT,face_first,4.0,0.6617632765706278,sub-01
l,MT,face_noncom,4.0,1.0420933541535158,sub-01
l,MT,face_third,4.0,0.7284676941326249,sub-01
l,MT,ind,4.0,1.0207202224918197,sub-01
l,MT,interact,1.5,1.0999137551572795,sub-01
l,MT,noninteract,1.5,1.1417876293167135,sub-01
l,MT,object,4.0,1.0845293899539217,sub-01
l,MT,photo,0.5,1.5572170684848312,sub-01
l,MT,phy,4.0,1.242052828971981,sub-01
l,SI-STS,belief,0.5,0.0867719293122718,sub-01
l,SI-STS,body,1.5,-0.0113073852468625,sub-01
l,SI-STS,com_ind,1.5,-0.0166366599025109,sub-01
l,SI-STS,com_phy,1.5,0.1853644399806539,sub-01
l,SI-STS,face_first,1.5,0.2239826503223971,sub-01
l,SI-STS,face_noncom,1.5,0.1743507560424059,sub-01
l,SI-STS,face_third,1.5,0.1094900151095649,sub-01
l,SI-STS,ind,1.5,-0.0007969101189881,sub-01
l,SI-STS,interact,1.5,0.0740990901850223,sub-01
l,SI-STS,noninteract,1.5,0.0840011168806454,sub-01
l,SI-STS,object,1.5,0.3155775230371695,sub-01
l,SI-STS,photo,0.5,0.0073265103721386,sub-01
l,SI-STS,phy,1.5,0.0749057067836413,sub-01
l,TPJ,belief,0.5,0.2576948980591932,sub-01
l,TPJ,body,0.5,-0.6362464564947753,sub-01
l,TPJ,com_ind,0.5,0.4493153558139949,sub-01
l,TPJ,com_phy,0.5,-0.4517319069207992,sub-01
l,TPJ,face_first,0.5,-0.4500012398368338,sub-01
l,TPJ,face_noncom,0.5,-0.3424627120580555,sub-01
l,TPJ,face_third,0.5,-0.3685316282973678,sub-01
l,TPJ,ind,0.5,-0.0727283014939456,sub-01
l,TPJ,interact,0.5,0.0125841627587108,sub-01
l,TPJ,noninteract,0.5,-0.127437591653843,sub-01
l,TPJ,object,0.5,-0.256345166348501,sub-01
l,TPJ,photo,0.5,-0.388596971461856,sub-01
l,TPJ,phy,0.5,-0.2730814862379624,sub-01
l,fSTS,belief,0.5,0.160425757322719,sub-01
l,fSTS,body,4.0,-0.072539589986221,sub-01
l,fSTS,com_ind,4.0,-0.0801986012207796,sub-01
l,fSTS,com_phy,4.0,0.0041154566847044,sub-01
l,fSTS,face_first,4.0,0.0065626874959982,sub-01
l,fSTS,face_noncom,4.0,-0.0113481039119268,sub-01
l,fSTS,face_third,4.0,-0.0266587790921778,sub-01
l,fSTS,ind,4.0,0.0129935089295555,sub-01
l,fSTS,interact,1.5,0.2707543992995426,sub-01
l,fSTS,noninteract,1.5,0.2138350816008113,sub-01
l,fSTS,object,4.0,0.0379739683481404,sub-01
l,fSTS,photo,0.5,0.1945776537805668,sub-01
l,fSTS,phy,4.0,-0.001555746986583,sub-01
r,EBA,belief,0.5,-0.0456701060042822,sub-01
r,EBA,body,4.0,0.6296034537820615,sub-01
r,EBA,com_ind,4.0,0.6358828935938191,sub-01
r,EBA,com_phy,4.0,0.8810671695613025,sub-01
r,EBA,face_first,4.0,0.2778122643152222,sub-01
r,EBA,face_noncom,4.0,0.5414221752002807,sub-01
r,EBA,face_third,4.0,0.5145995957054064,sub-01
r,EBA,ind,4.0,0.6751591537428163,sub-01
r,EBA,interact,1.5,0.359799919687426,sub-01
r,EBA,noninteract,1.5,0.2790715290970379,sub-01
r,EBA,object,4.0,0.5140340217921378,sub-01
r,EBA,photo,0.5,-0.1726891906497653,sub-01
r,EBA,phy,4.0,0.7657918332791,sub-01
r,EVC,belief,0.5,1.7373749826580287,sub-01
r,EVC,body,4.0,0.934569121665862,sub-01
r,EVC,com_ind,4.0,1.1201214119839582,sub-01
r,EVC,com_phy,4.0,1.4771510990257324,sub-01
r,EVC,face_first,4.0,1.0034341152286348,sub-01
r,EVC,face_noncom,4.0,1.153877073843559,sub-01
r,EVC,face_third,4.0,1.0601348559883117,sub-01
r,EVC,ind,4.0,1.3311806423877768,sub-01
r,EVC,interact,1.5,0.433352925778342,sub-01
r,EVC,noninteract,1.5,0.5035078727514941,sub-01
r,EVC,object,4.0,1.1438657311754592,sub-01
r,EVC,photo,0.5,1.6185269887393576,sub-01
r,EVC,phy,4.0,1.1443629842295062,sub-01
r,FFA,belief,0.5,0.5376480182228262,sub-01
r,FFA,body,4.0,0.2422361318120764,sub-01
r,FFA,com_ind,4.0,0.8508325718985431,sub-01
r,FFA,com_phy,4.0,0.9503134490394404,sub-01
r,FFA,face_first,4.0,0.9706782319714456,sub-01
r,FFA,face_noncom,4.0,0.9037362811820112,sub-01
r,FFA,face_third,4.0,0.8489525858671624,sub-01
r,FFA,ind,4.0,0.9243349047448391,sub-01
r,FFA,interact,1.5,0.0539684032453184,sub-01
r,FFA,noninteract,1.5,-0.0044503306380714,sub-01
r,FFA,object,4.0,0.3941248988927854,sub-01
r,FFA,photo,0.5,0.4303307162661586,sub-01
r,FFA,phy,4.0,0.6714640029587599,sub-01
r,MT,belief,0.5,0.4108336662319798,sub-01
r,MT,body,4.0,1.7698908797342996,sub-01
r,MT,com_ind,4.0,1.320145998438402,sub-01
r,MT,com_phy,4.0,1.8136175288562664,sub-01
r,MT,face_first,4.0,1.0743953635246053,sub-01
r,MT,face_noncom,4.0,1.397600261838731,sub-01
r,MT,face_third,4.0,1.3124225888383632,sub-01
r,MT,ind,4.0,1.3651902141333403,sub-01
r,MT,interact,1.5,1.0666670148901345,sub-01
r,MT,noninteract,1.5,1.0763851794921415,sub-01
r,MT,object,4.0,1.5284506117839256,sub-01
r,MT,photo,0.5,0.3946993226462753,sub-01
r,MT,phy,4.0,1.712585063213678,sub-01
r,SI-STS,belief,0.5,0.0955686560532491,sub-01
r,SI-STS,body,1.5,-0.1479946807924862,sub-01
r,SI-STS,com_ind,1.5,0.2631054653099531,sub-01
r,SI-STS,com_phy,1.5,0.1439793724964759,sub-01
r,SI-STS,face_first,1.5,0.0464654408961084,sub-01
r,SI-STS,face_noncom,1.5,0.3407334453960907,sub-01
r,SI-STS,face_third,1.5,0.3258557734406931,sub-01
r,SI-STS,ind,1.5,0.2408196123256235,sub-01
r,SI-STS,interact,1.5,0.2271259527472147,sub-01
r,SI-STS,noninteract,1.5,0.0259924193721196,sub-01
r,SI-STS,object,1.5,0.0175608483287541,sub-01
r,SI-STS,photo,0.5,-0.2819953704248751,sub-01
r,SI-STS,phy,1.5,0.2801437133203184,sub-01
r,TPJ,belief,0.5,0.101178286361421,sub-01
r,TPJ,body,0.5,-0.5246051548940801,sub-01
r,TPJ,com_ind,0.5,0.4261243581458013,sub-01
r,TPJ,com_phy,0.5,-0.2193269715735672,sub-01
r,TPJ,face_first,0.5,-0.4467763248114311,sub-01
r,TPJ,face_noncom,0.5,-0.1610089955185377,sub-01
r,TPJ,face_third,0.5,-0.1159149064948584,sub-01
r,TPJ,ind,0.5,0.1806593228622374,sub-01
r,TPJ,interact,0.5,0.1679336777973605,sub-01
r,TPJ,noninteract,0.5,-0.0086839542636703,sub-01
r,TPJ,object,0.5,-0.1842672231298625,sub-01
r,TPJ,photo,0.5,-0.4741464440472064,sub-01
r,TPJ,phy,0.5,0.1325504155567848,sub-01
r,fSTS,belief,0.5,-0.093187531584018,sub-01
r,fSTS,body,4.0,-0.0250395431894052,sub-01
r,fSTS,com_ind,4.0,0.1675388753987098,sub-01
r,fSTS,com_phy,4.0,0.2244551041751923,sub-01
r,fSTS,face_first,4.0,0.1629970220004698,sub-01
r,fSTS,face_noncom,4.0,0.2204621573558431,sub-01
r,fSTS,face_third,4.0,0.2165335961146045,sub-01
r,fSTS,ind,4.0,0.1557927736337583,sub-01
r,fSTS,interact,1.5,0.1155341044300622,sub-01
r,fSTS,noninteract,1.5,-0.0862824439885585,sub-01
r,fSTS,object,4.0,-0.06355894468413,sub-01
r,fSTS,photo,0.5,-0.1878595735967986,sub-01
r,fSTS,phy,4.0,0.1251118668323299,sub-01
l,EBA,body,4.0,1.2981560748419954,sub-02
l,EBA,com_ind,4.0,1.254748277795091,sub-02
l,EBA,com_phy,4.0,1.4711517142459891,sub-02
l,EBA,face_first,4.0,0.5498660540992109,sub-02
l,EBA,face_noncom,4.0,1.020988504697152,sub-02
l,EBA,face_third,4.0,0.7634222078815256,sub-02
l,EBA,ind,4.0,1.052265062430915,sub-02
l,EBA,interact,1.5,0.6797163593515707,sub-02
l,EBA,noninteract,1.5,0.6918083328876993,sub-02
l,EBA,object,4.0,0.6175887102384539,sub-02
l,EBA,phy,4.0,1.6322185834351164,sub-02
l,EVC,body,4.0,4.188578309183845,sub-02
l,EVC,com_ind,4.0,5.152977650995526,sub-02
l,EVC,com_phy,4.0,5.177185936173932,sub-02
l,EVC,face_first,4.0,4.848984534067635,sub-02
l,EVC,face_noncom,4.0,4.349143626829895,sub-02
l,EVC,face_third,4.0,4.657142949625761,sub-02
l,EVC,ind,4.0,5.001922550025532,sub-02
l,EVC,interact,1.5,2.218668412463673,sub-02
l,EVC,noninteract,1.5,2.725060667430952,sub-02
l,EVC,object,4.0,5.025393730890016,sub-02
l,EVC,phy,4.0,5.227359426952456,sub-02
l,FFA,body,4.0,0.725568209623559,sub-02
l,FFA,com_ind,4.0,1.6782062269418654,sub-02
l,FFA,com_phy,4.0,1.6801006521708464,sub-02
l,FFA,face_first,4.0,1.7186626612646394,sub-02
l,FFA,face_noncom,4.0,1.6918353309050749,sub-02
l,FFA,face_third,4.0,1.883943983835985,sub-02
l,FFA,ind,4.0,1.629823025239084,sub-02
l,FFA,interact,1.5,0.2087216897246108,sub-02
l,FFA,noninteract,1.5,0.2582062613151643,sub-02
l,FFA,object,4.0,0.5204092376406497,sub-02
l,FFA,phy,4.0,1.6331743627807225,sub-02
l,MT,body,4.0,3.242994252957436,sub-02
l,MT,com_ind,4.0,2.991572198454586,sub-02
l,MT,com_phy,4.0,3.338807477689885,sub-02
l,MT,face_first,4.0,2.5346339230173065,sub-02
l,MT,face_noncom,4.0,2.999086928972165,sub-02
l,MT,face_third,4.0,2.7852728354554506,sub-02
l,MT,ind,4.0,2.647057451226212,sub-02
l,MT,interact,1.5,2.0526214702400263,sub-02
l,MT,noninteract,1.5,2.4990827280192764,sub-02
l,MT,object,4.0,3.099288003260886,sub-02
l,MT,phy,4.0,3.61722919112187,sub-02
l,SI-STS,body,1.5,0.251271845015542,sub-02
l,SI-STS,com_ind,1.5,0.5861223133212998,sub-02
l,SI-STS,com_phy,1.5,0.7355652518589554,sub-02
l,SI-STS,face_first,1.5,0.4842216605920083,sub-02
l,SI-STS,face_noncom,1.5,0.4594758417879072,sub-02
l,SI-STS,face_third,1.5,0.7014336510197721,sub-02
l,SI-STS,ind,1.5,0.5364850142238194,sub-02
l,SI-STS,interact,1.5,0.3002454553360196,sub-02
l,SI-STS,noninteract,1.5,0.0812347471138,sub-02
l,SI-STS,object,1.5,0.100122317370478,sub-02
l,SI-STS,phy,1.5,0.514807522800507,sub-02
l,fSTS,body,4.0,-0.104268214172081,sub-02
l,fSTS,com_ind,4.0,-0.1514548229545344,sub-02
l,fSTS,com_phy,4.0,0.0563766297857181,sub-02
l,fSTS,face_first,4.0,0.0747176107371548,sub-02
l,fSTS,face_noncom,4.0,0.0102535751427167,sub-02
l,fSTS,face_third,4.0,0.1520438235113163,sub-02
l,fSTS,ind,4.0,0.0116956392595927,sub-02
l,fSTS,interact,1.5,-0.1195457941162536,sub-02
l,fSTS,noninteract,1.5,-0.2613730787550077,sub-02
l,fSTS,object,4.0,-0.4019696216794069,sub-02
l,fSTS,phy,4.0,-0.186347725169422,sub-02
r,EBA,body,4.0,1.6430010388511915,sub-02
r,EBA,com_ind,4.0,1.7497020680283055,sub-02
r,EBA,com_phy,4.0,2.064129656153631,sub-02
r,EBA,face_first,4.0,0.991629726347254,sub-02
r,EBA,face_noncom,4.0,1.3707468574383723,sub-02
r,EBA,face_third,4.0,1.33262870771415,sub-02
r,EBA,ind,4.0,1.5343631709334242,sub-02
r,EBA,interact,1.5,1.3349024957139006,sub-02
r,EBA,noninteract,1.5,1.181675392011985,sub-02
r,EBA,object,4.0,0.8582285380569158,sub-02
r,EBA,phy,4.0,2.033213273171308,sub-02
r,EVC,body,4.0,3.091308422934105,sub-02
r,EVC,com_ind,4.0,4.424528852608874,sub-02
r,EVC,com_phy,4.0,4.28677627327716,sub-02
r,EVC,face_first,4.0,4.105622213675261,sub-02
r,EVC,face_noncom,4.0,3.679325082041371,sub-02
r,EVC,face_third,4.0,4.193106124237046,sub-02
r,EVC,ind,4.0,4.509919016953817,sub-02
r,EVC,interact,1.5,1.941741203510992,sub-02
r,EVC,noninteract,1.5,2.1858117981675327,sub-02
r,EVC,object,4.0,4.462225585331811,sub-02
r,EVC,phy,4.0,4.333143284797545,sub-02
r,FFA,body,4.0,0.5182308868601727,sub-02
r,FFA,com_ind,4.0,1.7119332180443148,sub-02
r,FFA,com_phy,4.0,1.680094565720886,sub-02
r,FFA,face_first,4.0,1.921295614233472,sub-02
r,FFA,face_noncom,4.0,1.6959058092582795,sub-02
r,FFA,face_third,4.0,2.0536283780861058,sub-02
r,FFA,ind,4.0,1.5516824539930292,sub-02
r,FFA,interact,1.5,0.4027738868338608,sub-02
r,FFA,noninteract,1.5,0.2856723495446969,sub-02
r,FFA,object,4.0,0.3328510532148069,sub-02
r,FFA,phy,4.0,1.423325107065743,sub-02
r,MT,body,4.0,3.626038051196412,sub-02
r,MT,com_ind,4.0,3.534548727129911,sub-02
r,MT,com_phy,4.0,4.030086609874496,sub-02
r,MT,face_first,4.0,3.218557430878825,sub-02
r,MT,face_noncom,4.0,3.4581051664973645,sub-02
r,MT,face_third,4.0,3.51472444078679,sub-02
r,MT,ind,4.0,3.059650209432137,sub-02
r,MT,interact,1.5,2.87623390051729,sub-02
r,MT,noninteract,1.5,2.968753884121069,sub-02
r,MT,object,4.0,3.118605339515516,sub-02
r,MT,phy,4.0,3.9882651867791696,sub-02
r,SI-STS,body,1.5,0.6742330008752719,sub-02
r,SI-STS,com_ind,1.5,1.0080436023200168,sub-02
r,SI-STS,com_phy,1.5,1.1066148520857049,sub-02
r,SI-STS,face_first,1.5,1.0677395550164213,sub-02
r,SI-STS,face_noncom,1.5,0.8836085107799396,sub-02
r,SI-STS,face_third,1.5,1.4184426069240936,sub-02
r,SI-STS,ind,1.5,0.8362919998663212,sub-02
r,SI-STS,interact,1.5,0.8337359105856829,sub-02
r,SI-STS,noninteract,1.5,0.3292350076707906,sub-02
r,SI-STS,object,1.5,0.5710719247071436,sub-02
r,SI-STS,phy,1.5,0.7446738878199994,sub-02
r,fSTS,body,4.0,0.4764533379368212,sub-02
r,fSTS,com_ind,4.0,0.7054571001768645,sub-02
r,fSTS,com_phy,4.0,0.7697886667164893,sub-02
r,fSTS,face_first,4.0,1.0430879252438592,sub-02
r,fSTS,face_noncom,4.0,0.5345788154430234,sub-02
r,fSTS,face_third,4.0,1.2419157390511513,sub-02
r,fSTS,ind,4.0,0.5831405781212818,sub-02
r,fSTS,interact,1.5,0.4417009372305505,sub-02
r,fSTS,noninteract,1.5,0.1885927301461636,sub-02
r,fSTS,object,4.0,0.2443846966692163,sub-02
r,fSTS,phy,4.0,0.6719518551320277,sub-02
l,EBA,belief,0.5,-0.0845602623362514,sub-03
l,EBA,body,4.0,0.3976251410432641,sub-03
l,EBA,com_ind,4.0,1.0090792775131514,sub-03
l,EBA,com_phy,4.0,1.0828226563324514,sub-03
l,EBA,face_first,4.0,0.5480331682936532,sub-03
l,EBA,face_noncom,4.0,0.3105906146991569,sub-03
l,EBA,face_third,4.0,0.6281077911149955,sub-03
l,EBA,ind,4.0,0.4529108163503024,sub-03
l,EBA,interact,1.5,0.8562661238602395,sub-03
l,EBA,noninteract,1.5,0.8193179030013515,sub-03
l,EBA,object,4.0,0.2459999961166555,sub-03
l,EBA,photo,0.5,-0.1245301926145142,sub-03
l,EBA,phy,4.0,0.7291101338456453,sub-03
l,EVC,belief,0.5,0.6487357666408489,sub-03
l,EVC,body,4.0,1.9721871302990328,sub-03
l,EVC,com_ind,4.0,2.8686585028977967,sub-03
l,EVC,com_phy,4.0,2.656828770984108,sub-03
l,EVC,face_first,4.0,2.504823649265276,sub-03
l,EVC,face_noncom,4.0,2.004414106150323,sub-03
l,EVC,face_third,4.0,2.421316536819369,sub-03
l,EVC,ind,4.0,2.5943007470911223,sub-03
l,EVC,interact,1.5,1.0188034511968702,sub-03
l,EVC,noninteract,1.5,1.2098479874615138,sub-03
l,EVC,object,4.0,2.381039622109835,sub-03
l,EVC,photo,0.5,0.6222928360298807,sub-03
l,EVC,phy,4.0,2.262759681761405,sub-03
l,FFA,belief,0.5,0.7243250324690832,sub-03
l,FFA,body,4.0,0.1222681263050054,sub-03
l,FFA,com_ind,4.0,0.5943736524650058,sub-03
l,FFA,com_phy,4.0,0.5325188871238248,sub-03
l,FFA,face_first,4.0,0.6752154187937842,sub-03
l,FFA,face_noncom,4.0,0.1476231994016885,sub-03
l,FFA,face_third,4.0,0.5042039650279291,sub-03
l,FFA,ind,4.0,0.2975228773559218,sub-03
l,FFA,interact,1.5,0.3628008950193949,sub-03
l,FFA,noninteract,1.5,0.3718830296158063,sub-03
l,FFA,object,4.0,0.3503288615121183,sub-03
l,FFA,photo,0.5,0.7004882264456257,sub-03
l,FFA,phy,4.0,0.3140977127743008,sub-03
l,MT,belief,0.5,0.944710342335612,sub-03
l,MT,body,4.0,1.841346982425564,sub-03
l,MT,com_ind,4.0,2.180601655893775,sub-03
l,MT,com_phy,4.0,2.120041590358392,sub-03
l,MT,face_first,4.0,1.852111234001588,sub-03
l,MT,face_noncom,4.0,1.350445125812314,sub-03
l,MT,face_third,4.0,1.8381543629011,sub-03
l,MT,ind,4.0,1.6193076307231924,sub-03
l,MT,interact,1.5,1.758580704327356,sub-03
l,MT,noninteract,1.5,1.91217643949724,sub-03
l,MT,object,4.0,2.2471144978310256,sub-03
l,MT,photo,0.5,1.041778647056799,sub-03
l,MT,phy,4.0,2.055041977377368,sub-03
l,SI-STS,belief,0.5,0.3048753868288933,sub-03
l,SI-STS,body,1.5,-0.3764893520551612,sub-03
l,SI-STS,com_ind,1.5,0.5986719503076953,sub-03
l,SI-STS,com_phy,1.5,0.4284407508057116,sub-03
l,SI-STS,face_first,1.5,0.2136823385366343,sub-03
l,SI-STS,face_noncom,1.5,-0.3256751514464791,sub-03
l,SI-STS,face_third,1.5,0.072639245954329,sub-03
l,SI-STS,ind,1.5,-0.089390093979338,sub-03
l,SI-STS,interact,1.5,0.3014273524961617,sub-03
l,SI-STS,noninteract,1.5,0.2345579916495355,sub-03
l,SI-STS,object,1.5,-0.2764193922677401,sub-03
l,SI-STS,photo,0.5,0.2172621959206335,sub-03
l,SI-STS,phy,1.5,-0.2789230300413383,sub-03
l,TPJ,belief,0.5,0.7307382603180579,sub-03
l,TPJ,body,0.5,-0.6457694815668711,sub-03
l,TPJ,com_ind,0.5,-0.2944955236399446,sub-03
l,TPJ,com_phy,0.5,-0.24027772096009,sub-03
l,TPJ,face_first,0.5,-0.0552127446251964,sub-03
l,TPJ,face_noncom,0.5,-0.1531319778720481,sub-03
l,TPJ,face_third,0.5,-0.3272125437971697,sub-03
l,TPJ,ind,0.5,-0.2994041015227699,sub-03
l,TPJ,interact,0.5,0.2383810053624216,sub-03
l,TPJ,noninteract,0.5,0.2346306273268162,sub-03
l,TPJ,object,0.5,-0.5544801504216872,sub-03
l,TPJ,photo,0.5,0.290709445655005,sub-03
l,TPJ,phy,0.5,-0.09154284092542,sub-03
l,fSTS,belief,0.5,1.2534365317000853,sub-03
l,fSTS,body,4.0,-0.6361202005186894,sub-03
l,fSTS,com_ind,4.0,-0.0126957582581986,sub-03
l,fSTS,com_phy,4.0,-0.2346950392131525,sub-03
l,fSTS,face_first,4.0,0.0557883631660856,sub-03
l,fSTS,face_noncom,4.0,-0.3588957021693061,sub-03
l,fSTS,face_third,4.0,-0.1200351543452001,sub-03
l,fSTS,ind,4.0,-0.2642018726388966,sub-03
l,fSTS,interact,1.5,-0.0243977184469568,sub-03
l,fSTS,noninteract,1.5,-0.0025267751777946,sub-03
l,fSTS,object,4.0,-0.2924182405538255,sub-03
l,fSTS,photo,0.5,1.2248006603520438,sub-03
l,fSTS,phy,4.0,-0.4822209110636589,sub-03
r,EBA,belief,0.5,-0.0833558284621751,sub-03
r,EBA,body,4.0,1.3040925258690246,sub-03
r,EBA,com_ind,4.0,1.5524391652688725,sub-03
r,EBA,com_phy,4.0,1.8283634402454785,sub-03
r,EBA,face_first,4.0,0.906276082533242,sub-03
r,EBA,face_noncom,4.0,0.8435348281625852,sub-03
r,EBA,face_third,4.0,1.032265276585344,sub-03
r,EBA,ind,4.0,1.150918182484909,sub-03
r,EBA,interact,1.5,1.5228618232184572,sub-03
r,EBA,noninteract,1.5,1.261120722664723,sub-03
r,EBA,object,4.0,0.5463526985263234,sub-03
r,EBA,photo,0.5,-0.1315692215750269,sub-03
r,EBA,phy,4.0,1.4617392597139132,sub-03
r,EVC,belief,0.5,0.4697884178549238,sub-03
r,EVC,body,4.0,1.846055423544035,sub-03
r,EVC,com_ind,4.0,3.353123708044345,sub-03
r,EVC,com_phy,4.0,2.881301881231916,sub-03
r,EVC,face_first,4.0,2.467533904687365,sub-03
r,EVC,face_noncom,4.0,1.9692273836735352,sub-03
r,EVC,face_third,4.0,2.429397881421548,sub-03
r,EVC,ind,4.0,3.0021313537600576,sub-03
r,EVC,interact,1.5,0.836247516937015,sub-03
r,EVC,noninteract,1.5,1.0197624711233708,sub-03
r,EVC,object,4.0,2.4552968809397893,sub-03
r,EVC,photo,0.5,0.4449142674220052,sub-03
r,EVC,phy,4.0,2.398567496380521,sub-03
r,FFA,belief,0.5,0.4239959866196268,sub-03
r,FFA,body,4.0,0.5679138750999848,sub-03
r,FFA,com_ind,4.0,1.3966715661996476,sub-03
r,FFA,com_phy,4.0,1.2662724455524734,sub-03
r,FFA,face_first,4.0,1.196569952063666,sub-03
r,FFA,face_noncom,4.0,0.8058480690330521,sub-03
r,FFA,face_third,4.0,1.117512412300461,sub-03
r,FFA,ind,4.0,1.098375334027356,sub-03
r,FFA,interact,1.5,0.7666235347370944,sub-03
r,FFA,noninteract,1.5,0.6948288219553356,sub-03
r,FFA,object,4.0,0.2535245854983144,sub-03
r,FFA,photo,0.5,0.3170840364087931,sub-03
r,FFA,phy,4.0,1.027247802550172,sub-03
r,MT,belief,0.5,0.4551793194643709,sub-03
r,MT,body,4.0,2.6786270671280983,sub-03
r,MT,com_ind,4.0,3.111288529186345,sub-03
r,MT,com_phy,4.0,3.0201573132678767,sub-03
r,MT,face_first,4.0,2.3446664039285805,sub-03
r,MT,face_noncom,4.0,2.134062619737461,sub-03
r,MT,face_third,4.0,2.30339072596516,sub-03
r,MT,ind,4.0,2.2557186665763544,sub-03
r,MT,interact,1.5,2.4191212882804822,sub-03
r,MT,noninteract,1.5,2.457114839787601,sub-03
r,MT,object,4.0,2.756164536370957,sub-03
r,MT,photo,0.5,0.478324017748483,sub-03
r,MT,phy,4.0,2.681841538386305,sub-03
r,SI-STS,belief,0.5,0.2447862250243999,sub-03
r,SI-STS,body,1.5,-0.1574556949890496,sub-03
r,SI-STS,com_ind,1.5,0.5724687806446129,sub-03
r,SI-STS,com_phy,1.5,0.4744851188138399,sub-03
r,SI-STS,face_first,1.5,0.2666784593698932,sub-03
r,SI-STS,face_noncom,1.5,-0.1772212524612919,sub-03
r,SI-STS,face_third,1.5,0.1713323929470805,sub-03
r,SI-STS,ind,1.5,0.0537834272052941,sub-03
r,SI-STS,interact,1.5,0.4005882539413481,sub-03
r,SI-STS,noninteract,1.5,0.1996049522639646,sub-03
r,SI-STS,object,1.5,-0.2092299903035876,sub-03
r,SI-STS,photo,0.5,0.0131324803736208,sub-03
r,SI-STS,phy,1.5,-0.2600693639884293,sub-03
r,TPJ,belief,0.5,0.805982199981035,sub-03
r,TPJ,body,0.5,-0.6270043564220511,sub-03
r,TPJ,com_ind,0.5,0.0139088517230914,sub-03
r,TPJ,com_phy,0.5,0.1006967399219655,sub-03
r,TPJ,face_first,0.5,-0.0137648639790068,sub-03
r,TPJ,face_noncom,0.5,-0.3626921035684892,sub-03
r,TPJ,face_third,0.5,-0.038155548004163,sub-03
r,TPJ,ind,0.5,-0.3555929543437736,sub-03
r,TPJ,interact,0.5,0.3120636486796252,sub-03
r,TPJ,noninteract,0.5,0.0976213799180162,sub-03
r,TPJ,object,0.5,-0.4763212040985684,sub-03
r,TPJ,photo,0.5,-0.1178625940722616,sub-03
r,TPJ,phy,0.5,-0.2506584125969985,sub-03
r,fSTS,belief,0.5,0.2446515568667071,sub-03
r,fSTS,body,4.0,0.0765178009090926,sub-03
r,fSTS,com_ind,4.0,0.5760420157400804,sub-03
r,fSTS,com_phy,4.0,0.6075188100645066,sub-03
r,fSTS,face_first,4.0,0.4751198610674419,sub-03
r,fSTS,face_noncom,4.0,0.1154319426451435,sub-03
r,fSTS,face_third,4.0,0.368544779057032,sub-03
r,fSTS,ind,4.0,0.3308192931651905,sub-03
r,fSTS,interact,1.5,0.5002082989074403,sub-03
r,fSTS,noninteract,1.5,0.3503998373698645,sub-03
r,fSTS,object,4.0,-0.0325955768791317,sub-03
r,fSTS,photo,0.5,0.0009695340075317,sub-03
r,fSTS,phy,4.0,0.2397129265718829,sub-03
l,EBA,belief,0.5,-0.1344602616208812,sub-04
l,EBA,body,4.0,1.1728960730660452,sub-04
l,EBA,com_ind,4.0,1.052079349912055,sub-04
l,EBA,com_phy,4.0,1.0601137384397696,sub-04
l,EBA,face_first,4.0,0.3653061003270307,sub-04
l,EBA,face_noncom,4.0,0.5216888138053741,sub-04
l,EBA,face_third,4.0,0.4097793999372967,sub-04
l,EBA,ind,4.0,0.6242630720064819,sub-04
l,EBA,interact,1.5,1.1273874740685772,sub-04
l,EBA,noninteract,1.5,0.8952625992830717,sub-04
l,EBA,object,4.0,0.4680054845247202,sub-04
l,EBA,photo,0.5,-0.1470231861767395,sub-04
l,EBA,phy,4.0,1.2260107077063505,sub-04
l,EVC,belief,0.5,0.957014432279692,sub-04
l,EVC,body,4.0,2.549114364813938,sub-04
l,EVC,com_ind,4.0,2.537863637635545,sub-04
l,EVC,com_phy,4.0,2.4931534714734074,sub-04
l,EVC,face_first,4.0,2.3089313893157506,sub-04
l,EVC,face_noncom,4.0,2.311530420984915,sub-04
l,EVC,face_third,4.0,2.0880593785235018,sub-04
l,EVC,ind,4.0,2.491390389994044,sub-04
l,EVC,interact,1.5,1.2759127524400329,sub-04
l,EVC,noninteract,1.5,1.38622680034491,sub-04
l,EVC,object,4.0,2.042006782407224,sub-04
l,EVC,photo,0.5,1.0113783898953466,sub-04
l,EVC,phy,4.0,2.6068107627423496,sub-04
l,FFA,belief,0.5,0.4357671297860614,sub-04
l,FFA,body,4.0,1.0182688392673516,sub-04
l,FFA,com_ind,4.0,1.5196348707497112,sub-04
l,FFA,com_phy,4.0,1.4243092804022697,sub-04
l,FFA,face_first,4.0,1.5861842386912883,sub-04
l,FFA,face_noncom,4.0,1.4230166062300251,sub-04
l,FFA,face_third,4.0,1.475721909913169,sub-04
l,FFA,ind,4.0,1.317604469329847,sub-04
l,FFA,interact,1.5,0.5378869879354015,sub-04
l,FFA,noninteract,1.5,0.3336803131794859,sub-04
l,FFA,object,4.0,0.5915004523163956,sub-04
l,FFA,photo,0.5,0.5092530461777107,sub-04
l,FFA,phy,4.0,1.3582536656734463,sub-04
l,MT,belief,0.5,0.7358008965444912,sub-04
l,MT,body,4.0,2.40877602116932,sub-04
l,MT,com_ind,4.0,1.877732693289076,sub-04
l,MT,com_phy,4.0,1.9378339992784257,sub-04
l,MT,face_first,4.0,1.3161993705346209,sub-04
l,MT,face_noncom,4.0,1.820101432035636,sub-04
l,MT,face_third,4.0,1.276948498417851,sub-04
l,MT,ind,4.0,1.5651721785505217,sub-04
l,MT,interact,1.5,1.3794489402888963,sub-04
l,MT,noninteract,1.5,1.262498381491176,sub-04
l,MT,object,4.0,1.8541391291728155,sub-04
l,MT,photo,0.5,0.8638996301665148,sub-04
l,MT,phy,4.0,2.1287604267080464,sub-04
l,SI-STS,belief,0.5,0.4602133115785809,sub-04
l,SI-STS,body,1.5,1.187835589682517,sub-04
l,SI-STS,com_ind,1.5,1.563132668851708,sub-04
l,SI-STS,com_phy,1.5,1.1965801795048665,sub-04
l,SI-STS,face_first,1.5,0.9588492712795468,sub-04
l,SI-STS,face_noncom,1.5,0.7923841403571625,sub-04
l,SI-STS,face_third,1.5,0.7084015044283045,sub-04
l,SI-STS,ind,1.5,0.6789748912945988,sub-04
l,SI-STS,interact,1.5,1.0244995449954029,sub-04
l,SI-STS,noninteract,1.5,0.7312462632504045,sub-04
l,SI-STS,object,1.5,0.6101252524359138,sub-04
l,SI-STS,photo,0.5,0.2660951819629821,sub-04
l,SI-STS,phy,1.5,1.3845232238195626,sub-04
l,TPJ,belief,0.5,0.3354432147636443,sub-04
l,TPJ,body,0.5,-0.1810288295205178,sub-04
l,TPJ,com_ind,0.5,0.1288566771856161,sub-04
l,TPJ,com_phy,0.5,0.0948579369095029,sub-04
l,TPJ,face_first,0.5,-0.1577867258634316,sub-04
l,TPJ,face_noncom,0.5,-0.2065395558760003,sub-04
l,TPJ,face_third,0.5,-0.3027364094643583,sub-04
l,TPJ,ind,0.5,0.1862580662241785,sub-04
l,TPJ,interact,0.5,-0.0077747623909494,sub-04
l,TPJ,noninteract,0.5,-0.1761174553390678,sub-04
l,TPJ,object,0.5,-0.4660814000250555,sub-04
l,TPJ,photo,0.5,0.0194908163544574,sub-04
l,TPJ,phy,0.5,0.0003764977598058,sub-04
l,fSTS,belief,0.5,0.5610682323952074,sub-04
l,fSTS,body,4.0,0.7948754808462156,sub-04
l,fSTS,com_ind,4.0,0.9558045992351272,sub-04
l,fSTS,com_phy,4.0,0.9368489925834416,sub-04
l,fSTS,face_first,4.0,0.9400844998082432,sub-04
l,fSTS,face_noncom,4.0,0.682289909023408,sub-04
l,fSTS,face_third,4.0,0.9932867993690584,sub-04
l,fSTS,ind,4.0,0.4714301748582957,sub-04
l,fSTS,interact,1.5,0.9194165631984698,sub-04
l,fSTS,noninteract,1.5,0.5301518435297418,sub-04
l,fSTS,object,4.0,0.3946414705730251,sub-04
l,fSTS,photo,0.5,0.3587344443703214,sub-04
l,fSTS,phy,4.0,0.7319896754100808,sub-04
r,EBA,belief,0.5,-0.3755693237394442,sub-04
r,EBA,body,4.0,1.758592986422542,sub-04
r,EBA,com_ind,4.0,1.2935633817177126,sub-04
r,EBA,com_phy,4.0,1.3182210025384136,sub-04
r,EBA,face_first,4.0,0.3366906581922551,sub-04
r,EBA,face_noncom,4.0,0.9998615396426768,sub-04
r,EBA,face_third,4.0,0.4341148101087729,sub-04
r,EBA,ind,4.0,0.8374440089130238,sub-04
r,EBA,interact,1.5,1.4607452420848213,sub-04
r,EBA,noninteract,1.5,1.2008566846623578,sub-04
r,EBA,object,4.0,0.6723924674357934,sub-04
r,EBA,photo,0.5,-0.4658964565385799,sub-04
r,EBA,phy,4.0,1.52265797167923,sub-04
r,EVC,belief,0.5,0.6383631840677443,sub-04
r,EVC,body,4.0,2.1115723632494454,sub-04
r,EVC,com_ind,4.0,2.160008540036837,sub-04
r,EVC,com_phy,4.0,2.131542259449422,sub-04
r,EVC,face_first,4.0,1.8695696898217031,sub-04
r,EVC,face_noncom,4.0,2.1231711933220976,sub-04
r,EVC,face_third,4.0,1.8067725679619453,sub-04
r,EVC,ind,4.0,2.2033425853731434,sub-04
r,EVC,interact,1.5,0.7785482032414912,sub-04
r,EVC,noninteract,1.5,0.9778783578615154,sub-04
r,EVC,object,4.0,2.15909937317191,sub-04
r,EVC,photo,0.5,0.6434903278833581,sub-04
r,EVC,phy,4.0,2.2057860656167403,sub-04
r,FFA,belief,0.5,-0.0645196691117849,sub-04
r,FFA,body,4.0,1.4220131069665152,sub-04
r,FFA,com_ind,4.0,2.2034850833002024,sub-04
r,FFA,com_phy,4.0,2.016019066962768,sub-04
r,FFA,face_first,4.0,1.6511990171377198,sub-04
r,FFA,face_noncom,4.0,1.9139734518932607,sub-04
r,FFA,face_third,4.0,1.7407286001507505,sub-04
r,FFA,ind,4.0,1.921724897240274,sub-04
r,FFA,interact,1.5,1.0539981055393637,sub-04
r,FFA,noninteract,1.5,0.7455230971923329,sub-04
r,FFA,object,4.0,0.6760367108597592,sub-04
r,FFA,photo,0.5,0.0195502097701435,sub-04
r,FFA,phy,4.0,2.0563068934491526,sub-04
r,MT,belief,0.5,0.1671322956905831,sub-04
r,MT,body,4.0,2.73297504279832,sub-04
r,MT,com_ind,4.0,1.998891172814443,sub-04
r,MT,com_phy,4.0,2.1825655281641296,sub-04
r,MT,face_first,4.0,1.1704291913847515,sub-04
r,MT,face_noncom,4.0,2.0114340320401456,sub-04
r,MT,face_third,4.0,1.3382366303514674,sub-04
r,MT,ind,4.0,1.62946465031045,sub-04
r,MT,interact,1.5,1.741228560438067,sub-04
r,MT,noninteract,1.5,1.6511200268666324,sub-04
r,MT,object,4.0,2.243208859687315,sub-04
r,MT,photo,0.5,0.2904809037353158,sub-04
r,MT,phy,4.0,2.422523544627074,sub-04
r,SI-STS,belief,0.5,0.0087033757461523,sub-04
r,SI-STS,body,1.5,0.7567451839345625,sub-04
r,SI-STS,com_ind,1.5,1.3270024217190834,sub-04
r,SI-STS,com_phy,1.5,0.7726730804439049,sub-04
r,SI-STS,face_first,1.5,1.13532722759892,sub-04
r,SI-STS,face_noncom,1.5,0.6614126018486928,sub-04
r,SI-STS,face_third,1.5,0.711264233515802,sub-04
r,SI-STS,ind,1.5,0.5662307546443497,sub-04
r,SI-STS,interact,1.5,0.8501548002004135,sub-04
r,SI-STS,noninteract,1.5,0.5439687264897004,sub-04
r,SI-STS,object,1.5,0.4139662888895758,sub-04
r,SI-STS,photo,0.5,-0.2594467264307293,sub-04
r,SI-STS,phy,1.5,0.9454931081574428,sub-04
r,TPJ,belief,0.5,0.1181467748021689,sub-04
r,TPJ,body,0.5,0.2363279714266575,sub-04
r,TPJ,com_ind,0.5,0.1507679778580544,sub-04
r,TPJ,com_phy,0.5,0.1739960592678478,sub-04
r,TPJ,face_first,0.5,-0.1436870010832917,sub-04
r,TPJ,face_noncom,0.5,0.0025646280388882,sub-04
r,TPJ,face_third,0.5,-0.2051032261830622,sub-04
r,TPJ,ind,0.5,0.0575427119523653,sub-04
r,TPJ,interact,0.5,0.1300486594715901,sub-04
r,TPJ,noninteract,0.5,-0.086093569047985,sub-04
r,TPJ,object,0.5,-0.1263622743196527,sub-04
r,TPJ,photo,0.5,-0.3113655286035791,sub-04
r,TPJ,phy,0.5,0.198400920996884,sub-04
r,fSTS,belief,0.5,0.0110976811308569,sub-04
r,fSTS,body,4.0,0.4982110255114649,sub-04
r,fSTS,com_ind,4.0,0.836666019683103,sub-04
r,fSTS,com_phy,4.0,0.6029402975006966,sub-04
r,fSTS,face_first,4.0,0.7236062502788124,sub-04
r,fSTS,face_noncom,4.0,0.5759444044488328,sub-04
r,fSTS,face_third,4.0,0.7686636393190662,sub-04
r,fSTS,ind,4.0,0.4709393981266004,sub-04
r,fSTS,interact,1.5,0.6093127940516815,sub-04
r,fSTS,noninteract,1.5,0.2674236400740497,sub-04
r,fSTS,object,4.0,0.115439957710549,sub-04
r,fSTS,photo,0.5,-0.2236014131228156,sub-04
r,fSTS,phy,4.0,0.5397364807249592,sub-04
l,EBA,belief,0.5,0.1739802658565025,sub-05
l,EBA,body,4.0,1.0070762862423388,sub-05
l,EBA,com_ind,4.0,0.6159146707226193,sub-05
l,EBA,com_phy,4.0,0.8523656234746689,sub-05
l,EBA,face_first,4.0,-0.0454350848703606,sub-05
l,EBA,face_noncom,4.0,0.4167082623891042,sub-05
l,EBA,face_third,4.0,0.2095220047682832,sub-05
l,EBA,ind,4.0,0.5458974623943865,sub-05
l,EBA,interact,1.5,0.7089832489131678,sub-05
l,EBA,noninteract,1.5,0.4987768647371693,sub-05
l,EBA,object,4.0,0.236615915713524,sub-05
l,EBA,photo,0.5,0.1094870170963148,sub-05
l,EBA,phy,4.0,1.06925743020403,sub-05
l,EVC,belief,0.5,1.3397797106267837,sub-05
l,EVC,body,4.0,2.2579907351134305,sub-05
l,EVC,com_ind,4.0,3.236336406832791,sub-05
l,EVC,com_phy,4.0,3.4428902895093163,sub-05
l,EVC,face_first,4.0,2.481908331414896,sub-05
l,EVC,face_noncom,4.0,2.622712091382791,sub-05
l,EVC,face_third,4.0,2.8442288802746685,sub-05
l,EVC,ind,4.0,2.7936540755764687,sub-05
l,EVC,interact,1.5,1.7554397619518054,sub-05
l,EVC,noninteract,1.5,2.2755961209096074,sub-05
l,EVC,object,4.0,2.8485383090705203,sub-05
l,EVC,photo,0.5,1.1495429542718556,sub-05
l,EVC,phy,4.0,3.0143083877552885,sub-05
l,FFA,belief,0.5,0.5469253262260345,sub-05
l,FFA,body,4.0,0.6345998161834421,sub-05
l,FFA,com_ind,4.0,0.8802314601024137,sub-05
l,FFA,com_phy,4.0,1.0885125347421707,sub-05
l,FFA,face_first,4.0,0.7459017132792672,sub-05
l,FFA,face_noncom,4.0,0.7598552613131173,sub-05
l,FFA,face_third,4.0,0.9491706792930912,sub-05
l,FFA,ind,4.0,0.7450577556163507,sub-05
l,FFA,interact,1.5,0.5464249766114946,sub-05
l,FFA,noninteract,1.5,0.4650633377939613,sub-05
l,FFA,object,4.0,0.5279429549428998,sub-05
l,FFA,photo,0.5,0.5126274818494738,sub-05
l,FFA,phy,4.0,0.895517573970701,sub-05
l,MT,belief,0.5,1.3169196689579112,sub-05
l,MT,body,4.0,2.476437368165288,sub-05
l,MT,com_ind,4.0,2.2311948947132523,sub-05
l,MT,com_phy,4.0,2.8739748167579102,sub-05
l,MT,face_first,4.0,1.2657963138815704,sub-05
l,MT,face_noncom,4.0,1.7490530993849576,sub-05
l,MT,face_third,4.0,1.6922856801582509,sub-05
l,MT,ind,4.0,1.697036778854658,sub-05
l,MT,interact,1.5,2.045406973087714,sub-05
l,MT,noninteract,1.5,2.0899307519363144,sub-05
l,MT,object,4.0,2.250305474741523,sub-05
l,MT,photo,0.5,1.2882406182595267,sub-05
l,MT,phy,4.0,2.53730792116391,sub-05
l,SI-STS,belief,0.5,0.7087508230190052,sub-05
l,SI-STS,body,1.5,0.3985936200429782,sub-05
l,SI-STS,com_ind,1.5,0.718722199119474,sub-05
l,SI-STS,com_phy,1.5,0.7508650318146708,sub-05
l,SI-STS,face_first,1.5,0.2794404295513543,sub-05
l,SI-STS,face_noncom,1.5,0.178143689438628,sub-05
l,SI-STS,face_third,1.5,0.564265760188066,sub-05
l,SI-STS,ind,1.5,0.2910198721331399,sub-05
l,SI-STS,interact,1.5,0.7808642610189112,sub-05
l,SI-STS,noninteract,1.5,0.3383486893769519,sub-05
l,SI-STS,object,1.5,-0.0433171280706165,sub-05
l,SI-STS,photo,0.5,0.4064646510478391,sub-05
l,SI-STS,phy,1.5,0.4324924893826328,sub-05
l,TPJ,belief,0.5,0.6173809294431056,sub-05
l,TPJ,body,0.5,0.2712164385306571,sub-05
l,TPJ,com_ind,0.5,0.3291761475920746,sub-05
l,TPJ,com_phy,0.5,0.0602953717701772,sub-05
l,TPJ,face_first,0.5,-0.1788564064513523,sub-05
l,TPJ,face_noncom,0.5,0.1201830182915877,sub-05
l,TPJ,face_third,0.5,-0.0248493509006112,sub-05
l,TPJ,ind,0.5,0.0100387483384457,sub-05
l,TPJ,interact,0.5,0.2743699081241881,sub-05
l,TPJ,noninteract,0.5,0.1153970890931309,sub-05
l,TPJ,object,0.5,0.0118832426126792,sub-05
l,TPJ,photo,0.5,0.1955377648375394,sub-05
l,TPJ,phy,0.5,0.2249234914728307,sub-05
l,fSTS,belief,0.5,1.071728106455744,sub-05
l,fSTS,body,4.0,0.415223434680151,sub-05
l,fSTS,com_ind,4.0,1.1938887933988829,sub-05
l,fSTS,com_phy,4.0,1.602957877819336,sub-05
l,fSTS,face_first,4.0,0.8922484061809944,sub-05
l,fSTS,face_noncom,4.0,0.512689551303584,sub-05
l,fSTS,face_third,4.0,1.2226655751086928,sub-05
l,fSTS,ind,4.0,0.6159600360516738,sub-05
l,fSTS,interact,1.5,1.225913764483256,sub-05
l,fSTS,noninteract,1.5,0.5470925111365056,sub-05
l,fSTS,object,4.0,-0.0626945871349055,sub-05
l,fSTS,photo,0.5,0.6712995282015564,sub-05
l,fSTS,phy,4.0,0.7302006827114106,sub-05
r,EBA,belief,0.5,0.0239053184406205,sub-05
r,EBA,body,4.0,1.0383731923852275,sub-05
r,EBA,com_ind,4.0,0.6744987767585982,sub-05
r,EBA,com_phy,4.0,0.917667380816573,sub-05
r,EBA,face_first,4.0,0.2050508241729338,sub-05
r,EBA,face_noncom,4.0,0.577971107458728,sub-05
r,EBA,face_third,4.0,0.3990780226072495,sub-05
r,EBA,ind,4.0,0.5339776090369289,sub-05
r,EBA,interact,1.5,0.7774465100246382,sub-05
r,EBA,noninteract,1.5,0.6271200412903505,sub-05
r,EBA,object,4.0,0.4328183887555754,sub-05
r,EBA,photo,0.5,-0.0702602546186135,sub-05
r,EBA,phy,4.0,0.9231481142748414,sub-05
r,EVC,belief,0.5,1.1848498457761116,sub-05
r,EVC,body,4.0,1.4360855619000632,sub-05
r,EVC,com_ind,4.0,2.51273898347136,sub-05
r,EVC,com_phy,4.0,2.4243163175347067,sub-05
r,EVC,face_first,4.0,1.8004504829524206,sub-05
r,EVC,face_noncom,4.0,1.7808922498004611,sub-05
r,EVC,face_third,4.0,1.9115495927318364,sub-05
r,EVC,ind,4.0,2.3309589574558305,sub-05
r,EVC,interact,1.5,1.2448389690228838,sub-05
r,EVC,noninteract,1.5,1.3941004971522344,sub-05
r,EVC,object,4.0,2.0029966708005507,sub-05
r,EVC,photo,0.5,1.0871093509404766,sub-05
r,EVC,phy,4.0,2.165400118942194,sub-05
r,FFA,belief,0.5,0.3891307300801453,sub-05
r,FFA,body,4.0,0.7961955298910247,sub-05
r,FFA,com_ind,4.0,1.2900740690619932,sub-05
r,FFA,com_phy,4.0,1.5204745314266128,sub-05
r,FFA,face_first,4.0,1.152462708872933,sub-05
r,FFA,face_noncom,4.0,1.06783359283008,sub-05
r,FFA,face_third,4.0,1.3266491697374396,sub-05
r,FFA,ind,4.0,1.0364834675421788,sub-05
r,FFA,interact,1.5,0.6430895711482243,sub-05
r,FFA,noninteract,1.5,0.6161257335566587,sub-05
r,FFA,object,4.0,0.5631765230648328,sub-05
r,FFA,photo,0.5,0.3596791370812268,sub-05
r,FFA,phy,4.0,1.204073165772866,sub-05
r,MT,belief,0.5,0.8879015397772412,sub-05
r,MT,body,4.0,2.389812627625772,sub-05
r,MT,com_ind,4.0,1.9976004494298136,sub-05
r,MT,com_phy,4.0,2.5405219216378816,sub-05
r,MT,face_first,4.0,1.285605516066265,sub-05
r,MT,face_noncom,4.0,1.6385791912944894,sub-05
r,MT,face_third,4.0,1.6575536479281925,sub-05
r,MT,ind,4.0,1.5346399663909038,sub-05
r,MT,interact,1.5,2.454160652568453,sub-05
r,MT,noninteract,1.5,2.4882670147077697,sub-05
r,MT,object,4.0,2.3169390762337554,sub-05
r,MT,photo,0.5,0.9213000778324952,sub-05
r,MT,phy,4.0,2.277771654558878,sub-05
r,SI-STS,belief,0.5,0.4297522235108344,sub-05
r,SI-STS,body,1.5,0.4705187965195199,sub-05
r,SI-STS,com_ind,1.5,0.7521766853257922,sub-05
r,SI-STS,com_phy,1.5,0.7574134539784386,sub-05
r,SI-STS,face_first,1.5,0.405261577727562,sub-05
r,SI-STS,face_noncom,1.5,0.2327482968612872,sub-05
r,SI-STS,face_third,1.5,0.589836829011072,sub-05
r,SI-STS,ind,1.5,0.4800874987843742,sub-05
r,SI-STS,interact,1.5,0.7288057815457383,sub-05
r,SI-STS,noninteract,1.5,0.2848387962040873,sub-05
r,SI-STS,object,1.5,0.1568088500474432,sub-05
r,SI-STS,photo,0.5,0.1176061381978841,sub-05
r,SI-STS,phy,1.5,0.5752928637550041,sub-05
r,TPJ,belief,0.5,0.4887153575039218,sub-05
r,TPJ,body,0.5,-0.050795605649248,sub-05
r,TPJ,com_ind,0.5,0.3571105251152867,sub-05
r,TPJ,com_phy,0.5,0.2658241587848992,sub-05
r,TPJ,face_first,0.5,-0.0337304291389657,sub-05
r,TPJ,face_noncom,0.5,0.0030083657695956,sub-05
r,TPJ,face_third,0.5,0.1471990233611351,sub-05
r,TPJ,ind,0.5,0.0702849989408248,sub-05
r,TPJ,interact,0.5,0.4288679649318322,sub-05
r,TPJ,noninteract,0.5,0.2452940567473776,sub-05
r,TPJ,object,0.5,-0.0560219423873472,sub-05
r,TPJ,photo,0.5,-0.0848546743908742,sub-05
r,TPJ,phy,0.5,0.0587105574198425,sub-05
r,fSTS,belief,0.5,0.156298572877671,sub-05
r,fSTS,body,4.0,0.4456709838328481,sub-05
r,fSTS,com_ind,4.0,1.1590928784627268,sub-05
r,fSTS,com_phy,4.0,1.3759564865272935,sub-05
r,fSTS,face_first,4.0,1.023955428633577,sub-05
r,fSTS,face_noncom,4.0,0.6497396520149317,sub-05
r,fSTS,face_third,4.0,1.2507556389573025,sub-05
r,fSTS,ind,4.0,0.7327814924036274,sub-05
r,fSTS,interact,1.5,0.8405702525883554,sub-05
r,fSTS,noninteract,1.5,0.4988747392763826,sub-05
r,fSTS,object,4.0,0.1166071166017169,sub-05
r,fSTS,photo,0.5,0.1140665483483994,sub-05
r,fSTS,phy,4.0,0.8070932553524751,sub-05
l,EBA,belief,0.5,0.3065782882802567,sub-07
l,EBA,body,4.0,1.2193363979292695,sub-07
l,EBA,com_ind,4.0,1.1866662077433854,sub-07
l,EBA,com_phy,4.0,1.2852234324435412,sub-07
l,EBA,face_first,4.0,0.6060419670932066,sub-07
l,EBA,face_noncom,4.0,0.828410769596202,sub-07
l,EBA,face_third,4.0,0.6915612553422052,sub-07
l,EBA,ind,4.0,1.1576712795178845,sub-07
l,EBA,interact,1.5,0.8046431815836776,sub-07
l,EBA,noninteract,1.5,0.6826524308909363,sub-07
l,EBA,object,4.0,0.5899992298683906,sub-07
l,EBA,photo,0.5,0.1674934902846805,sub-07
l,EBA,phy,4.0,1.5264247866617988,sub-07
l,EVC,belief,0.5,1.967461590786657,sub-07
l,EVC,body,4.0,3.8861719055495656,sub-07
l,EVC,com_ind,4.0,4.493733075535084,sub-07
l,EVC,com_phy,4.0,4.247235163854722,sub-07
l,EVC,face_first,4.0,4.0209438740709205,sub-07
l,EVC,face_noncom,4.0,3.9321872676210967,sub-07
l,EVC,face_third,4.0,4.095655373444459,sub-07
l,EVC,ind,4.0,4.254216531521365,sub-07
l,EVC,interact,1.5,1.3072560838242528,sub-07
l,EVC,noninteract,1.5,1.6428436618521407,sub-07
l,EVC,object,4.0,4.246904103895464,sub-07
l,EVC,photo,0.5,2.1169703813720444,sub-07
l,EVC,phy,4.0,4.254638176777927,sub-07
l,FFA,belief,0.5,0.7790377695567812,sub-07
l,FFA,body,4.0,0.7608532190777781,sub-07
l,FFA,com_ind,4.0,1.1350723453975742,sub-07
l,FFA,com_phy,4.0,0.9943041346660684,sub-07
l,FFA,face_first,4.0,1.4290976753001623,sub-07
l,FFA,face_noncom,4.0,1.3615371212543907,sub-07
l,FFA,face_third,4.0,1.5104768736493976,sub-07
l,FFA,ind,4.0,1.1230886756411902,sub-07
l,FFA,interact,1.5,0.5230518443142081,sub-07
l,FFA,noninteract,1.5,0.432751850943248,sub-07
l,FFA,object,4.0,0.5680428363395847,sub-07
l,FFA,photo,0.5,0.8577654536605499,sub-07
l,FFA,phy,4.0,0.9918929903765898,sub-07
l,MT,belief,0.5,0.2247753347523219,sub-07
l,MT,body,4.0,5.152284556792118,sub-07
l,MT,com_ind,4.0,3.301658399506247,sub-07
l,MT,com_phy,4.0,4.261746974099587,sub-07
l,MT,face_first,4.0,2.5390456879311256,sub-07
l,MT,face_noncom,4.0,3.881776145530404,sub-07
l,MT,face_third,4.0,2.94080210811797,sub-07
l,MT,ind,4.0,3.01717954220568,sub-07
l,MT,interact,1.5,2.1691140872097074,sub-07
l,MT,noninteract,1.5,2.6095127596517447,sub-07
l,MT,object,4.0,4.45046871607184,sub-07
l,MT,photo,0.5,0.3133288555070684,sub-07
l,MT,phy,4.0,4.778684139972213,sub-07
l,SI-STS,belief,0.5,0.8105053084659812,sub-07
l,SI-STS,body,1.5,0.12893208914583,sub-07
l,SI-STS,com_ind,1.5,0.1710777920815413,sub-07
l,SI-STS,com_phy,1.5,0.0880019729040234,sub-07
l,SI-STS,face_first,1.5,0.2334618258521595,sub-07
l,SI-STS,face_noncom,1.5,0.2392909092076179,sub-07
l,SI-STS,face_third,1.5,0.2777361312887013,sub-07
l,SI-STS,ind,1.5,0.3419125937183686,sub-07
l,SI-STS,interact,1.5,0.2111737262870776,sub-07
l,SI-STS,noninteract,1.5,0.0794937689503121,sub-07
l,SI-STS,object,1.5,0.0992557943901011,sub-07
l,SI-STS,photo,0.5,0.7221190407821003,sub-07
l,SI-STS,phy,1.5,0.2450897336639622,sub-07
l,TPJ,belief,0.5,0.6935865968706181,sub-07
l,TPJ,body,0.5,0.0038628167707123,sub-07
l,TPJ,com_ind,0.5,0.3009165959147507,sub-07
l,TPJ,com_phy,0.5,0.1697639550771707,sub-07
l,TPJ,face_first,0.5,0.2685171248545067,sub-07
l,TPJ,face_noncom,0.5,-0.1811235160748275,sub-07
l,TPJ,face_third,0.5,0.2098654881686861,sub-07
l,TPJ,ind,0.5,0.3526939825174857,sub-07
l,TPJ,interact,0.5,0.2511828991275253,sub-07
l,TPJ,noninteract,0.5,0.0080025941940706,sub-07
l,TPJ,object,0.5,-0.3108744630836785,sub-07
l,TPJ,photo,0.5,0.4415820767677352,sub-07
l,TPJ,phy,0.5,0.2275568182753888,sub-07
l,fSTS,belief,0.5,1.7184948594867977,sub-07
l,fSTS,body,4.0,0.4086990189303986,sub-07
l,fSTS,com_ind,4.0,0.4794132466634369,sub-07
l,fSTS,com_phy,4.0,0.6743269807284854,sub-07
l,fSTS,face_first,4.0,0.7612549440532013,sub-07
l,fSTS,face_noncom,4.0,0.4550102659049461,sub-07
l,fSTS,face_third,4.0,0.6637083096636298,sub-07
l,fSTS,ind,4.0,0.3428988365495418,sub-07
l,fSTS,interact,1.5,0.9143408436603206,sub-07
l,fSTS,noninteract,1.5,0.6688437718318735,sub-07
l,fSTS,object,4.0,0.0230814396225448,sub-07
l,fSTS,photo,0.5,1.5687380963062654,sub-07
l,fSTS,phy,4.0,0.4332432035306442,sub-07
r,EBA,belief,0.5,0.5377799222540615,sub-07
r,EBA,body,4.0,1.7916454353316251,sub-07
r,EBA,com_ind,4.0,1.826861842586352,sub-07
r,EBA,com_phy,4.0,2.0141069742296045,sub-07
r,EBA,face_first,4.0,1.4840029778789812,sub-07
r,EBA,face_noncom,4.0,1.716617242230453,sub-07
r,EBA,face_third,4.0,1.6854832697233817,sub-07
r,EBA,ind,4.0,1.7490556122025689,sub-07
r,EBA,interact,1.5,1.2477555403848084,sub-07
r,EBA,noninteract,1.5,1.227744733252183,sub-07
r,EBA,object,4.0,0.9484228178558572,sub-07
r,EBA,photo,0.5,0.3858463188284093,sub-07
r,EBA,phy,4.0,1.9371347755816983,sub-07
r,EVC,belief,0.5,1.8058619949751,sub-07
r,EVC,body,4.0,3.071720168997224,sub-07
r,EVC,com_ind,4.0,4.3611178030120055,sub-07
r,EVC,com_phy,4.0,4.078999205083105,sub-07
r,EVC,face_first,4.0,3.8007892720235055,sub-07
r,EVC,face_noncom,4.0,3.4145388283216507,sub-07
r,EVC,face_third,4.0,3.74137431410122,sub-07
r,EVC,ind,4.0,4.209743709697169,sub-07
r,EVC,interact,1.5,1.1231630189901425,sub-07
r,EVC,noninteract,1.5,1.4515036007733009,sub-07
r,EVC,object,4.0,3.701980135271387,sub-07
r,EVC,photo,0.5,2.012179693555589,sub-07
r,EVC,phy,4.0,4.071761195068535,sub-07
r,FFA,belief,0.5,0.3180114218374253,sub-07
r,FFA,body,4.0,1.3272181905093574,sub-07
r,FFA,com_ind,4.0,1.9546702588889613,sub-07
r,FFA,com_phy,4.0,1.857257472844401,sub-07
r,FFA,face_first,4.0,2.169256711673169,sub-07
r,FFA,face_noncom,4.0,2.173029074731584,sub-07
r,FFA,face_third,4.0,2.3100941722916994,sub-07
r,FFA,ind,4.0,2.062605459931462,sub-07
r,FFA,interact,1.5,0.8478922890241947,sub-07
r,FFA,noninteract,1.5,0.7171478964654977,sub-07
r,FFA,object,4.0,0.6521155557438735,sub-07
r,FFA,photo,0.5,0.3910244304005592,sub-07
r,FFA,phy,4.0,1.7720631677057876,sub-07
r,MT,belief,0.5,0.7006238325903248,sub-07
r,MT,body,4.0,3.9206472583758623,sub-07
r,MT,com_ind,4.0,3.052795388832749,sub-07
r,MT,com_phy,4.0,3.755639410848848,sub-07
r,MT,face_first,4.0,2.438067230663602,sub-07
r,MT,face_noncom,4.0,3.2261002258136995,sub-07
r,MT,face_third,4.0,2.5578634427347025,sub-07
r,MT,ind,4.0,3.141647598325013,sub-07
r,MT,interact,1.5,1.7761620168306225,sub-07
r,MT,noninteract,1.5,2.1734370662451266,sub-07
r,MT,object,4.0,3.4086960942967464,sub-07
r,MT,photo,0.5,0.844650547973499,sub-07
r,MT,phy,4.0,3.7335932251174793,sub-07
r,SI-STS,belief,0.5,0.7133669084922358,sub-07
r,SI-STS,body,1.5,0.0118017459172796,sub-07
r,SI-STS,com_ind,1.5,0.196685172997476,sub-07
r,SI-STS,com_phy,1.5,0.0735465967214382,sub-07
r,SI-STS,face_first,1.5,0.2061431697651421,sub-07
r,SI-STS,face_noncom,1.5,0.0735172620849073,sub-07
r,SI-STS,face_third,1.5,0.2293231255153393,sub-07
r,SI-STS,ind,1.5,0.1968747246586677,sub-07
r,SI-STS,interact,1.5,0.1234598923489834,sub-07
r,SI-STS,noninteract,1.5,-0.0608498362717098,sub-07
r,SI-STS,object,1.5,0.0390484243546147,sub-07
r,SI-STS,photo,0.5,0.4889626491807905,sub-07
r,SI-STS,phy,1.5,0.2118231165008828,sub-07
r,TPJ,belief,0.5,0.7687832903019474,sub-07
r,TPJ,body,0.5,0.1203022839690817,sub-07
r,TPJ,com_ind,0.5,0.351509675490245,sub-07
r,TPJ,com_phy,0.5,0.1683994641761936,sub-07
r,TPJ,face_first,0.5,0.0843081694479512,sub-07
r,TPJ,face_noncom,0.5,-0.1156085276386862,sub-07
r,TPJ,face_third,0.5,0.1341943610654595,sub-07
r,TPJ,ind,0.5,0.3597481139970678,sub-07
r,TPJ,interact,0.5,0.3115930719192273,sub-07
r,TPJ,noninteract,0.5,0.2334319185958871,sub-07
r,TPJ,object,0.5,-0.1185673889249287,sub-07
r,TPJ,photo,0.5,0.4173604878560633,sub-07
r,TPJ,phy,0.5,0.3380793646158682,sub-07
r,fSTS,belief,0.5,0.8129139502393727,sub-07
r,fSTS,body,4.0,0.2788094501162618,sub-07
r,fSTS,com_ind,4.0,0.2719079834960694,sub-07
r,fSTS,com_phy,4.0,0.4817200745810189,sub-07
r,fSTS,face_first,4.0,0.3650116632100978,sub-07
r,fSTS,face_noncom,4.0,0.3936415043254691,sub-07
r,fSTS,face_third,4.0,0.4482192347806989,sub-07
r,fSTS,ind,4.0,0.4157266003501459,sub-07
r,fSTS,interact,1.5,0.4206667545342047,sub-07
r,fSTS,noninteract,1.5,0.1917274020414005,sub-07
r,fSTS,object,4.0,0.0113034607858231,sub-07
r,fSTS,photo,0.5,0.5036265329827248,sub-07
r,fSTS,phy,4.0,0.2493574323930513,sub-07
l,EBA,belief,0.5,0.0229865333033242,sub-08
l,EBA,body,4.0,1.011873061782837,sub-08
l,EBA,com_ind,4.0,0.7344524545141945,sub-08
l,EBA,com_phy,4.0,0.8697748156435352,sub-08
l,EBA,face_first,4.0,0.3059716840369189,sub-08
l,EBA,face_noncom,4.0,0.7369306161259357,sub-08
l,EBA,face_third,4.0,0.4665318472370212,sub-08
l,EBA,ind,4.0,0.5060533617216392,sub-08
l,EBA,interact,1.5,0.583950353474441,sub-08
l,EBA,noninteract,1.5,0.7304670253448474,sub-08
l,EBA,object,4.0,0.5036838514675198,sub-08
l,EBA,photo,0.5,-0.0252698334206144,sub-08
l,EBA,phy,4.0,1.1620278023810937,sub-08
l,EVC,belief,0.5,1.869034387810372,sub-08
l,EVC,body,4.0,2.8546137889369785,sub-08
l,EVC,com_ind,4.0,3.2148869453966573,sub-08
l,EVC,com_phy,4.0,3.0758770024973066,sub-08
l,EVC,face_first,4.0,2.597285350845609,sub-08
l,EVC,face_noncom,4.0,2.6243822111179096,sub-08
l,EVC,face_third,4.0,2.2915931270130536,sub-08
l,EVC,ind,4.0,2.7061445405433835,sub-08
l,EVC,interact,1.5,0.773218609713284,sub-08
l,EVC,noninteract,1.5,1.2398788457682812,sub-08
l,EVC,object,4.0,2.722229530347087,sub-08
l,EVC,photo,0.5,2.064871434277745,sub-08
l,EVC,phy,4.0,3.037105013999506,sub-08
l,FFA,belief,0.5,0.3661359651944066,sub-08
l,FFA,body,4.0,0.4581308955346984,sub-08
l,FFA,com_ind,4.0,0.7765558498361749,sub-08
l,FFA,com_phy,4.0,0.8072859675727231,sub-08
l,FFA,face_first,4.0,0.7880673766038361,sub-08
l,FFA,face_noncom,4.0,0.7834690720263241,sub-08
l,FFA,face_third,4.0,0.782510091377897,sub-08
l,FFA,ind,4.0,0.601067881339945,sub-08
l,FFA,interact,1.5,0.1760669319553199,sub-08
l,FFA,noninteract,1.5,0.1646899604062391,sub-08
l,FFA,object,4.0,0.2692385083154673,sub-08
l,FFA,photo,0.5,0.3811390878062849,sub-08
l,FFA,phy,4.0,0.732311323360958,sub-08
l,MT,belief,0.5,1.9917362928210125,sub-08
l,MT,body,4.0,2.8550788936047327,sub-08
l,MT,com_ind,4.0,2.449397194005137,sub-08
l,MT,com_phy,4.0,2.762199041080973,sub-08
l,MT,face_first,4.0,1.7367928660646723,sub-08
l,MT,face_noncom,4.0,2.368184409686052,sub-08
l,MT,face_third,4.0,1.7506976682494175,sub-08
l,MT,ind,4.0,1.9229595511061832,sub-08
l,MT,interact,1.5,1.2867956966011085,sub-08
l,MT,noninteract,1.5,1.654517606291004,sub-08
l,MT,object,4.0,2.296709169755178,sub-08
l,MT,photo,0.5,2.1103578616826733,sub-08
l,MT,phy,4.0,3.013643845425488,sub-08
l,SI-STS,belief,0.5,0.3887260269204913,sub-08
l,SI-STS,body,1.5,0.0535476875781059,sub-08
l,SI-STS,com_ind,1.5,0.2009927836199506,sub-08
l,SI-STS,com_phy,1.5,0.241986289239952,sub-08
l,SI-STS,face_first,1.5,0.3095828423500402,sub-08
l,SI-STS,face_noncom,1.5,0.1691524036950041,sub-08
l,SI-STS,face_third,1.5,0.3610778931061628,sub-08
l,SI-STS,ind,1.5,0.2181145419840997,sub-08
l,SI-STS,interact,1.5,0.1947015404982509,sub-08
l,SI-STS,noninteract,1.5,0.1834497751204666,sub-08
l,SI-STS,object,1.5,0.1108366127027653,sub-08
l,SI-STS,photo,0.5,0.3635845426520941,sub-08
l,SI-STS,phy,1.5,0.1655097938265717,sub-08
l,TPJ,belief,0.5,0.5137177975174321,sub-08
l,TPJ,body,0.5,-0.3002535234246545,sub-08
l,TPJ,com_ind,0.5,-0.1587123733787626,sub-08
l,TPJ,com_phy,0.5,-0.0943954541449977,sub-08
l,TPJ,face_first,0.5,0.0265578155809642,sub-08
l,TPJ,face_noncom,0.5,-0.0040226737451924,sub-08
l,TPJ,face_third,0.5,-0.1052349739781666,sub-08
l,TPJ,ind,0.5,0.0370821535628299,sub-08
l,TPJ,interact,0.5,-0.0476183821733469,sub-08
l,TPJ,noninteract,0.5,-0.0989912525725334,sub-08
l,TPJ,object,0.5,-0.1803536884660035,sub-08
l,TPJ,photo,0.5,0.1862944550431365,sub-08
l,TPJ,phy,0.5,-0.3045143106362183,sub-08
l,fSTS,belief,0.5,1.0726462152895504,sub-08
l,fSTS,body,4.0,0.0779363735438868,sub-08
l,fSTS,com_ind,4.0,0.3296230384369609,sub-08
l,fSTS,com_phy,4.0,0.4445215864126717,sub-08
l,fSTS,face_first,4.0,0.629856967871573,sub-08
l,fSTS,face_noncom,4.0,0.2230229876079469,sub-08
l,fSTS,face_third,4.0,0.6606530469879203,sub-08
l,fSTS,ind,4.0,0.2407998330282447,sub-08
l,fSTS,interact,1.5,0.3176616505002489,sub-08
l,fSTS,noninteract,1.5,0.2478263649095669,sub-08
l,fSTS,object,4.0,0.0248801084953054,sub-08
l,fSTS,photo,0.5,0.9499743758138248,sub-08
l,fSTS,phy,4.0,0.1657631287554406,sub-08
r,EBA,belief,0.5,0.0085638299581785,sub-08
r,EBA,body,4.0,0.9076001020908236,sub-08
r,EBA,com_ind,4.0,0.8989235345380143,sub-08
r,EBA,com_phy,4.0,1.0243618963368006,sub-08
r,EBA,face_first,4.0,0.4143265076931933,sub-08
r,EBA,face_noncom,4.0,0.7309009028017296,sub-08
r,EBA,face_third,4.0,0.5197318796631739,sub-08
r,EBA,ind,4.0,0.6585372067217133,sub-08
r,EBA,interact,1.5,0.6415861640882331,sub-08
r,EBA,noninteract,1.5,0.6977434432892675,sub-08
r,EBA,object,4.0,0.4814577649101763,sub-08
r,EBA,photo,0.5,0.0456179711568373,sub-08
r,EBA,phy,4.0,1.1751507351415167,sub-08
r,EVC,belief,0.5,0.8135222044074616,sub-08
r,EVC,body,4.0,1.8178709032017897,sub-08
r,EVC,com_ind,4.0,2.1714478168573823,sub-08
r,EVC,com_phy,4.0,1.9609746072891727,sub-08
r,EVC,face_first,4.0,1.8642247627102704,sub-08
r,EVC,face_noncom,4.0,1.8764058433912536,sub-08
r,EVC,face_third,4.0,1.6884378862107496,sub-08
r,EVC,ind,4.0,1.843983512463312,sub-08
r,EVC,interact,1.5,0.6868235839100038,sub-08
r,EVC,noninteract,1.5,0.797704773372078,sub-08
r,EVC,object,4.0,1.979801946854282,sub-08
r,EVC,photo,0.5,0.8835893573729281,sub-08
r,EVC,phy,4.0,2.051398357413788,sub-08
r,FFA,belief,0.5,0.1570118919330736,sub-08
r,FFA,body,4.0,0.4502294142765102,sub-08
r,FFA,com_ind,4.0,0.8684814880410229,sub-08
r,FFA,com_phy,4.0,0.8247587764761389,sub-08
r,FFA,face_first,4.0,0.8730359214532686,sub-08
r,FFA,face_noncom,4.0,0.9639865280592832,sub-08
r,FFA,face_third,4.0,0.8749587411192231,sub-08
r,FFA,ind,4.0,0.7256152334713208,sub-08
r,FFA,interact,1.5,0.269216141242111,sub-08
r,FFA,noninteract,1.5,0.2398812110665918,sub-08
r,FFA,object,4.0,0.2607844156947841,sub-08
r,FFA,photo,0.5,0.1698341018454646,sub-08
r,FFA,phy,4.0,0.855479596038551,sub-08
r,MT,belief,0.5,0.8559292907184635,sub-08
r,MT,body,4.0,2.284315263101274,sub-08
r,MT,com_ind,4.0,2.2366691185089573,sub-08
r,MT,com_phy,4.0,2.4433978444921745,sub-08
r,MT,face_first,4.0,1.6357968982179087,sub-08
r,MT,face_noncom,4.0,2.08957465532474,sub-08
r,MT,face_third,4.0,1.6466428727445088,sub-08
r,MT,ind,4.0,1.8100711999337664,sub-08
r,MT,interact,1.5,1.3141204258600605,sub-08
r,MT,noninteract,1.5,1.6411470429406825,sub-08
r,MT,object,4.0,2.026428646168944,sub-08
r,MT,photo,0.5,0.9537289290751232,sub-08
r,MT,phy,4.0,2.56678637872018,sub-08
r,SI-STS,belief,0.5,0.203166361212639,sub-08
r,SI-STS,body,1.5,0.1244479377897881,sub-08
r,SI-STS,com_ind,1.5,0.3091799913778055,sub-08
r,SI-STS,com_phy,1.5,0.3695385006361403,sub-08
r,SI-STS,face_first,1.5,0.4974599669940819,sub-08
r,SI-STS,face_noncom,1.5,0.2561794060985695,sub-08
r,SI-STS,face_third,1.5,0.4757582358786325,sub-08
r,SI-STS,ind,1.5,0.3453074120700877,sub-08
r,SI-STS,interact,1.5,0.0492518592074722,sub-08
r,SI-STS,noninteract,1.5,0.1055305320467312,sub-08
r,SI-STS,object,1.5,0.125006215696545,sub-08
r,SI-STS,photo,0.5,0.1219072498919494,sub-08
r,SI-STS,phy,1.5,0.1729428050794165,sub-08
r,TPJ,belief,0.5,0.535160696089053,sub-08
r,TPJ,body,0.5,-0.2238405968686046,sub-08
r,TPJ,com_ind,0.5,-0.0883645625781938,sub-08
r,TPJ,com_phy,0.5,-0.0719920510672942,sub-08
r,TPJ,face_first,0.5,0.0052142252514652,sub-08
r,TPJ,face_noncom,0.5,-0.0068343417137417,sub-08
r,TPJ,face_third,0.5,0.0996451979271427,sub-08
r,TPJ,ind,0.5,0.2530863884032893,sub-08
r,TPJ,interact,0.5,0.0732467443388613,sub-08
r,TPJ,noninteract,0.5,-0.0744389581106091,sub-08
r,TPJ,object,0.5,-0.1754034588377581,sub-08
r,TPJ,photo,0.5,-0.0598780407026368,sub-08
r,TPJ,phy,0.5,-0.2944618859329874,sub-08
r,fSTS,belief,0.5,0.3422017317464104,sub-08
r,fSTS,body,4.0,0.203989432575288,sub-08
r,fSTS,com_ind,4.0,0.5149310387749031,sub-08
r,fSTS,com_phy,4.0,0.5799282621341141,sub-08
r,fSTS,face_first,4.0,0.8258250272575576,sub-08
r,fSTS,face_noncom,4.0,0.3829590251588207,sub-08
r,fSTS,face_third,4.0,0.8662496957415463,sub-08
r,fSTS,ind,4.0,0.2790831319993956,sub-08
r,fSTS,interact,1.5,0.2862948168118197,sub-08
r,fSTS,noninteract,1.5,0.109807902468923,sub-08
r,fSTS,object,4.0,0.0532883842103293,sub-08
r,fSTS,photo,0.5,0.2711115480671602,sub-08
r,fSTS,phy,4.0,0.3694279450600539,sub-08
l,EBA,belief,0.5,0.1544598774300514,sub-09
l,EBA,body,4.0,1.4008308220187673,sub-09
l,EBA,com_ind,4.0,1.051098045913495,sub-09
l,EBA,com_phy,4.0,1.4282981162720152,sub-09
l,EBA,face_first,4.0,0.4400695857443185,sub-09
l,EBA,face_noncom,4.0,1.1252335553231332,sub-09
l,EBA,face_third,4.0,0.9570020758269612,sub-09
l,EBA,ind,4.0,0.8537519195352475,sub-09
l,EBA,interact,1.5,1.626738042063393,sub-09
l,EBA,noninteract,1.5,1.4463326600002504,sub-09
l,EBA,object,4.0,1.015240738966447,sub-09
l,EBA,photo,0.5,-0.1316071325305706,sub-09
l,EBA,phy,4.0,1.768330239857087,sub-09
l,EVC,belief,0.5,1.3852172108439438,sub-09
l,EVC,body,4.0,2.1714187752753267,sub-09
l,EVC,com_ind,4.0,3.040239316940602,sub-09
l,EVC,com_phy,4.0,3.033392801276252,sub-09
l,EVC,face_first,4.0,2.6850544392018545,sub-09
l,EVC,face_noncom,4.0,2.693723165483678,sub-09
l,EVC,face_third,4.0,2.704645537834823,sub-09
l,EVC,ind,4.0,3.1555780877793658,sub-09
l,EVC,interact,1.5,1.9003835611657305,sub-09
l,EVC,noninteract,1.5,1.9146244451844965,sub-09
l,EVC,object,4.0,2.3215326581555664,sub-09
l,EVC,photo,0.5,1.1356369146210423,sub-09
l,EVC,phy,4.0,2.8237624804559203,sub-09
l,FFA,belief,0.5,0.6216486274453304,sub-09
l,FFA,body,4.0,0.715755082568379,sub-09
l,FFA,com_ind,4.0,0.9683376220233034,sub-09
l,FFA,com_phy,4.0,1.1943222485422444,sub-09
l,FFA,face_first,4.0,0.8383789183266402,sub-09
l,FFA,face_noncom,4.0,1.4088151313649333,sub-09
l,FFA,face_third,4.0,1.322828541412672,sub-09
l,FFA,ind,4.0,0.9302829613134084,sub-09
l,FFA,interact,1.5,0.6478515091290298,sub-09
l,FFA,noninteract,1.5,0.59372928585867,sub-09
l,FFA,object,4.0,0.6779290203339343,sub-09
l,FFA,photo,0.5,0.3957006384413667,sub-09
l,FFA,phy,4.0,1.2716035858371,sub-09
l,MT,belief,0.5,0.571205356686795,sub-09
l,MT,body,4.0,1.886439911618874,sub-09
l,MT,com_ind,4.0,1.4178509665223733,sub-09
l,MT,com_phy,4.0,1.7617948978345932,sub-09
l,MT,face_first,4.0,0.8589288317864539,sub-09
l,MT,face_noncom,4.0,1.7258443488604545,sub-09
l,MT,face_third,4.0,1.3690303873519385,sub-09
l,MT,ind,4.0,1.345563775168944,sub-09
l,MT,interact,1.5,1.5738579247102864,sub-09
l,MT,noninteract,1.5,1.542286210883938,sub-09
l,MT,object,4.0,1.887355159440015,sub-09
l,MT,photo,0.5,0.4557655461510714,sub-09
l,MT,phy,4.0,1.9872725447749413,sub-09
l,SI-STS,belief,0.5,0.7794200311989384,sub-09
l,SI-STS,body,1.5,0.2499065499458198,sub-09
l,SI-STS,com_ind,1.5,0.5998665651490415,sub-09
l,SI-STS,com_phy,1.5,0.771951549951511,sub-09
l,SI-STS,face_first,1.5,0.3720564832616419,sub-09
l,SI-STS,face_noncom,1.5,0.5503543509578339,sub-09
l,SI-STS,face_third,1.5,0.3892166278826971,sub-09
l,SI-STS,ind,1.5,0.3042679209181436,sub-09
l,SI-STS,interact,1.5,0.7545760022564623,sub-09
l,SI-STS,noninteract,1.5,0.5552478675330289,sub-09
l,SI-STS,object,1.5,0.0856962564750221,sub-09
l,SI-STS,photo,0.5,0.2755878791617709,sub-09
l,SI-STS,phy,1.5,0.4154982406722696,sub-09
l,TPJ,belief,0.5,0.926025634723219,sub-09
l,TPJ,body,0.5,0.0946992197807827,sub-09
l,TPJ,com_ind,0.5,0.4370970277728506,sub-09
l,TPJ,com_phy,0.5,0.5065173954161597,sub-09
l,TPJ,face_first,0.5,0.0313359827350302,sub-09
l,TPJ,face_noncom,0.5,0.1172066649081007,sub-09
l,TPJ,face_third,0.5,-0.0276533434476105,sub-09
l,TPJ,ind,0.5,0.2050789428288871,sub-09
l,TPJ,interact,0.5,0.5673843535645389,sub-09
l,TPJ,noninteract,0.5,0.2692025236724432,sub-09
l,TPJ,object,0.5,0.0204303954818457,sub-09
l,TPJ,photo,0.5,0.2967385640538335,sub-09
l,TPJ,phy,0.5,0.1164073126436307,sub-09
l,fSTS,belief,0.5,1.3386481737493052,sub-09
l,fSTS,body,4.0,0.0276939199238687,sub-09
l,fSTS,com_ind,4.0,0.1570417620923994,sub-09
l,fSTS,com_phy,4.0,0.160071684473662,sub-09
l,fSTS,face_first,4.0,0.2191116852437284,sub-09
l,fSTS,face_noncom,4.0,0.0933609848227943,sub-09
l,fSTS,face_third,4.0,0.367204277023487,sub-09
l,fSTS,ind,4.0,0.0093873976838795,sub-09
l,fSTS,interact,1.5,0.4041502711633522,sub-09
l,fSTS,noninteract,1.5,0.1879016837506329,sub-09
l,fSTS,object,4.0,-0.2973551624209019,sub-09
l,fSTS,photo,0.5,0.7041223329853914,sub-09
l,fSTS,phy,4.0,0.1495346786428226,sub-09
r,EBA,belief,0.5,0.1381729237848984,sub-09
r,EBA,body,4.0,0.958440206358468,sub-09
r,EBA,com_ind,4.0,0.8861790509248524,sub-09
r,EBA,com_phy,4.0,1.081428980869334,sub-09
r,EBA,face_first,4.0,0.4305853269472574,sub-09
r,EBA,face_noncom,4.0,0.7821237973809699,sub-09
r,EBA,face_third,4.0,0.6073240614827452,sub-09
r,EBA,ind,4.0,0.8407398016657952,sub-09
r,EBA,interact,1.5,0.9481978499087204,sub-09
r,EBA,noninteract,1.5,0.8357528838698982,sub-09
r,EBA,object,4.0,0.5605342288078624,sub-09
r,EBA,photo,0.5,-0.1486851432307436,sub-09
r,EBA,phy,4.0,1.1631213704674932,sub-09
r,EVC,belief,0.5,1.2925476838114625,sub-09
r,EVC,body,4.0,1.4298921630137953,sub-09
r,EVC,com_ind,4.0,1.839715385890456,sub-09
r,EVC,com_phy,4.0,1.8140929651809528,sub-09
r,EVC,face_first,4.0,1.664603122408134,sub-09
r,EVC,face_noncom,4.0,1.6634257669878971,sub-09
r,EVC,face_third,4.0,1.7788178383098132,sub-09
r,EVC,ind,4.0,1.973758864716416,sub-09
r,EVC,interact,1.5,1.0864509347871298,sub-09
r,EVC,noninteract,1.5,0.9676783480542692,sub-09
r,EVC,object,4.0,1.7744402722724155,sub-09
r,EVC,photo,0.5,1.0733566237923151,sub-09
r,EVC,phy,4.0,1.7668517225641769,sub-09
r,FFA,belief,0.5,0.3873362665460564,sub-09
r,FFA,body,4.0,0.966162162994146,sub-09
r,FFA,com_ind,4.0,1.5276801693308073,sub-09
r,FFA,com_phy,4.0,1.677696187462186,sub-09
r,FFA,face_first,4.0,1.4440030360729617,sub-09
r,FFA,face_noncom,4.0,1.8274001948074323,sub-09
r,FFA,face_third,4.0,1.72189041765858,sub-09
r,FFA,ind,4.0,1.5546793672319577,sub-09
r,FFA,interact,1.5,0.7373966021698006,sub-09
r,FFA,noninteract,1.5,0.6831582516736323,sub-09
r,FFA,object,4.0,0.8947146338934816,sub-09
r,FFA,photo,0.5,0.1650556835666555,sub-09
r,FFA,phy,4.0,1.6685412163342743,sub-09
r,MT,belief,0.5,0.5166723625261495,sub-09
r,MT,body,4.0,2.4504487657563034,sub-09
r,MT,com_ind,4.0,2.2024868525381387,sub-09
r,MT,com_phy,4.0,2.544753699661029,sub-09
r,MT,face_first,4.0,1.6888972772719608,sub-09
r,MT,face_noncom,4.0,2.4003151609810063,sub-09
r,MT,face_third,4.0,2.161009674427536,sub-09
r,MT,ind,4.0,2.0007043003224005,sub-09
r,MT,interact,1.5,2.471075296807958,sub-09
r,MT,noninteract,1.5,2.4666634348669363,sub-09
r,MT,object,4.0,2.515815844193093,sub-09
r,MT,photo,0.5,0.3693678407901263,sub-09
r,MT,phy,4.0,2.7456356155272466,sub-09
r,SI-STS,belief,0.5,0.4442183577859946,sub-09
r,SI-STS,body,1.5,-0.0327552647019267,sub-09
r,SI-STS,com_ind,1.5,0.5353043383527373,sub-09
r,SI-STS,com_phy,1.5,0.6451861352346386,sub-09
r,SI-STS,face_first,1.5,0.5991003361419984,sub-09
r,SI-STS,face_noncom,1.5,0.3939147929969128,sub-09
r,SI-STS,face_third,1.5,0.4170190311841872,sub-09
r,SI-STS,ind,1.5,0.2192726854661744,sub-09
r,SI-STS,interact,1.5,0.6560514741081159,sub-09
r,SI-STS,noninteract,1.5,0.3589528700643793,sub-09
r,SI-STS,object,1.5,0.0106389016972276,sub-09
r,SI-STS,photo,0.5,-0.0581922824337995,sub-09
r,SI-STS,phy,1.5,0.1384339213133622,sub-09
r,TPJ,belief,0.5,0.6949254187838969,sub-09
r,TPJ,body,0.5,0.0012861609746356,sub-09
r,TPJ,com_ind,0.5,0.4747671151233723,sub-09
r,TPJ,com_phy,0.5,0.3260091384074779,sub-09
r,TPJ,face_first,0.5,0.2721067579524336,sub-09
r,TPJ,face_noncom,0.5,-0.0496873094868399,sub-09
r,TPJ,face_third,0.5,0.0583977049654586,sub-09
r,TPJ,ind,0.5,0.2094681152144817,sub-09
r,TPJ,interact,0.5,0.6254343622398673,sub-09
r,TPJ,noninteract,0.5,0.2651345480951746,sub-09
r,TPJ,object,0.5,-0.0705956723906692,sub-09
r,TPJ,photo,0.5,-0.0967474282583025,sub-09
r,TPJ,phy,0.5,0.0966483753825701,sub-09
r,fSTS,belief,0.5,0.1826152984493694,sub-09
r,fSTS,body,4.0,0.154561599801191,sub-09
r,fSTS,com_ind,4.0,0.2623022886785271,sub-09
r,fSTS,com_phy,4.0,0.2638326694012753,sub-09
r,fSTS,face_first,4.0,0.4667002855284007,sub-09
r,fSTS,face_noncom,4.0,0.212497782383965,sub-09
r,fSTS,face_third,4.0,0.6045111818501967,sub-09
r,fSTS,ind,4.0,0.0657308930436019,sub-09
r,fSTS,interact,1.5,0.4833860017302471,sub-09
r,fSTS,noninteract,1.5,0.281135706073211,sub-09
r,fSTS,object,4.0,0.1066437511741121,sub-09
r,fSTS,photo,0.5,-0.0380295914972406,sub-09
r,fSTS,phy,4.0,0.1631097969269657,sub-09
l,EBA,belief,0.5,-0.2356925364859474,sub-11
l,EBA,body,4.0,1.3300266569646213,sub-11
l,EBA,com_ind,4.0,1.3722664086479246,sub-11
l,EBA,com_phy,4.0,1.413448374869685,sub-11
l,EBA,face_first,4.0,0.767687592038054,sub-11
l,EBA,face_noncom,4.0,1.0038879087428716,sub-11
l,EBA,face_third,4.0,0.8656333595018365,sub-11
l,EBA,ind,4.0,0.9941553992488608,sub-11
l,EBA,interact,1.5,1.2205011744023428,sub-11
l,EBA,noninteract,1.5,0.9606800938090728,sub-11
l,EBA,object,4.0,0.6658953944238106,sub-11
l,EBA,photo,0.5,-0.2216654966209482,sub-11
l,EBA,phy,4.0,1.489057050862702,sub-11
l,EVC,belief,0.5,1.6199458675919538,sub-11
l,EVC,body,4.0,1.6261423817588891,sub-11
l,EVC,com_ind,4.0,2.0123702806178665,sub-11
l,EVC,com_phy,4.0,2.0331199109852127,sub-11
l,EVC,face_first,4.0,1.6883690920918912,sub-11
l,EVC,face_noncom,4.0,1.672358900815228,sub-11
l,EVC,face_third,4.0,1.666241981544952,sub-11
l,EVC,ind,4.0,1.8396805961341696,sub-11
l,EVC,interact,1.5,1.0745012730880583,sub-11
l,EVC,noninteract,1.5,1.2889155015044107,sub-11
l,EVC,object,4.0,1.5832590227727603,sub-11
l,EVC,photo,0.5,1.5749019413864678,sub-11
l,EVC,phy,4.0,2.0144796880035805,sub-11
l,FFA,belief,0.5,0.1288801974189786,sub-11
l,FFA,body,4.0,0.399736527306247,sub-11
l,FFA,com_ind,4.0,0.842608665390024,sub-11
l,FFA,com_phy,4.0,0.8118307769334591,sub-11
l,FFA,face_first,4.0,0.8915053537346417,sub-11
l,FFA,face_noncom,4.0,0.9478818697494455,sub-11
l,FFA,face_third,4.0,0.8387979782340428,sub-11
l,FFA,ind,4.0,0.6444568465030095,sub-11
l,FFA,interact,1.5,0.2517056643494283,sub-11
l,FFA,noninteract,1.5,0.1742109342016746,sub-11
l,FFA,object,4.0,0.3685595358825351,sub-11
l,FFA,photo,0.5,0.1118306846492058,sub-11
l,FFA,phy,4.0,0.7487753526469997,sub-11
l,MT,belief,0.5,0.2213963729968466,sub-11
l,MT,body,4.0,1.781866051506671,sub-11
l,MT,com_ind,4.0,1.4497974523866357,sub-11
l,MT,com_phy,4.0,1.713833843531752,sub-11
l,MT,face_first,4.0,0.9890870556639888,sub-11
l,MT,face_noncom,4.0,1.3064857856315923,sub-11
l,MT,face_third,4.0,1.1056656244720453,sub-11
l,MT,ind,4.0,1.1775239644482265,sub-11
l,MT,interact,1.5,1.57661332293005,sub-11
l,MT,noninteract,1.5,1.59815647676694,sub-11
l,MT,object,4.0,1.392458714434883,sub-11
l,MT,photo,0.5,0.1981908890439478,sub-11
l,MT,phy,4.0,1.7818799218716832,sub-11
l,SI-STS,belief,0.5,0.2030811833131576,sub-11
l,SI-STS,body,1.5,0.4051354491329889,sub-11
l,SI-STS,com_ind,1.5,0.7389295800536371,sub-11
l,SI-STS,com_phy,1.5,0.5549175970740223,sub-11
l,SI-STS,face_first,1.5,0.6740156206113339,sub-11
l,SI-STS,face_noncom,1.5,0.4400136391796074,sub-11
l,SI-STS,face_third,1.5,0.5733932414818568,sub-11
l,SI-STS,ind,1.5,0.4213572087518021,sub-11
l,SI-STS,interact,1.5,0.4866459592994316,sub-11
l,SI-STS,noninteract,1.5,0.1582969091632766,sub-11
l,SI-STS,object,1.5,0.0835388780439422,sub-11
l,SI-STS,photo,0.5,0.0039662037057204,sub-11
l,SI-STS,phy,1.5,0.5530053106629929,sub-11
l,TPJ,belief,0.5,0.426650465689808,sub-11
l,TPJ,body,0.5,-0.1737264930019322,sub-11
l,TPJ,com_ind,0.5,0.1188912771548745,sub-11
l,TPJ,com_phy,0.5,-0.0190979696446647,sub-11
l,TPJ,face_first,0.5,0.1015105603123807,sub-11
l,TPJ,face_noncom,0.5,0.0524800794210203,sub-11
l,TPJ,face_third,0.5,-0.0699840461438582,sub-11
l,TPJ,ind,0.5,-0.1633508305997056,sub-11
l,TPJ,interact,0.5,-0.0857187328620483,sub-11
l,TPJ,noninteract,0.5,-0.1833678218042264,sub-11
l,TPJ,object,0.5,-0.1262823504927042,sub-11
l,TPJ,photo,0.5,0.0633090410699119,sub-11
l,TPJ,phy,0.5,-0.0799841614384191,sub-11
l,fSTS,belief,0.5,0.5101943627474701,sub-11
l,fSTS,body,4.0,-0.3014913542009082,sub-11
l,fSTS,com_ind,4.0,-0.0044282885152267,sub-11
l,fSTS,com_phy,4.0,-0.2133816165858975,sub-11
l,fSTS,face_first,4.0,0.1294450634624597,sub-11
l,fSTS,face_noncom,4.0,-0.16282044531435,sub-11
l,fSTS,face_third,4.0,0.052214288364896,sub-11
l,fSTS,ind,4.0,-0.1802702787357778,sub-11
l,fSTS,interact,1.5,-0.3066051938897468,sub-11
l,fSTS,noninteract,1.5,-0.4431269066197943,sub-11
l,fSTS,object,4.0,-0.2326990144267498,sub-11
l,fSTS,photo,0.5,0.1619757596647702,sub-11
l,fSTS,phy,4.0,-0.2081834590518901,sub-11
r,EBA,belief,0.5,-0.0398175245380717,sub-11
r,EBA,body,4.0,1.2282698127100238,sub-11
r,EBA,com_ind,4.0,1.5174384168720767,sub-11
r,EBA,com_phy,4.0,1.6600064130508996,sub-11
r,EBA,face_first,4.0,1.0716683158417022,sub-11
r,EBA,face_noncom,4.0,1.0481947336134054,sub-11
r,EBA,face_third,4.0,1.182460847302767,sub-11
r,EBA,ind,4.0,1.267434485632778,sub-11
r,EBA,interact,1.5,1.3148821208797137,sub-11
r,EBA,noninteract,1.5,1.0351344720637692,sub-11
r,EBA,object,4.0,0.7205090053250275,sub-11
r,EBA,photo,0.5,-0.1334218413078555,sub-11
r,EBA,phy,4.0,1.5458801828650155,sub-11
r,EVC,belief,0.5,0.9662395922547604,sub-11
r,EVC,body,4.0,1.4761789936083771,sub-11
r,EVC,com_ind,4.0,2.237441014387442,sub-11
r,EVC,com_phy,4.0,2.139204231096198,sub-11
r,EVC,face_first,4.0,1.8463778535065865,sub-11
r,EVC,face_noncom,4.0,1.64191780004772,sub-11
r,EVC,face_third,4.0,1.802815061605736,sub-11
r,EVC,ind,4.0,2.127480975870554,sub-11
r,EVC,interact,1.5,0.7926697056502242,sub-11
r,EVC,noninteract,1.5,0.9498541414324986,sub-11
r,EVC,object,4.0,1.61815449511257,sub-11
r,EVC,photo,0.5,0.8644615602035096,sub-11
r,EVC,phy,4.0,2.191478081912853,sub-11
r,FFA,belief,0.5,0.3189595457463784,sub-11
r,FFA,body,4.0,0.4150023239293205,sub-11
r,FFA,com_ind,4.0,1.1263248323101076,sub-11
r,FFA,com_phy,4.0,0.9982945938556032,sub-11
r,FFA,face_first,4.0,1.1811968383175633,sub-11
r,FFA,face_noncom,4.0,1.0389225203298162,sub-11
r,FFA,face_third,4.0,1.0099615144206275,sub-11
r,FFA,ind,4.0,0.943802630341227,sub-11
r,FFA,interact,1.5,0.3085805323501287,sub-11
r,FFA,noninteract,1.5,0.3122856068820838,sub-11
r,FFA,object,4.0,0.4632500586017896,sub-11
r,FFA,photo,0.5,0.2889656009290153,sub-11
r,FFA,phy,4.0,1.0492698460577248,sub-11
r,MT,belief,0.5,0.0274350719347536,sub-11
r,MT,body,4.0,2.036927195907145,sub-11
r,MT,com_ind,4.0,1.9051484996373984,sub-11
r,MT,com_phy,4.0,2.1949961435700405,sub-11
r,MT,face_first,4.0,1.5758221522133855,sub-11
r,MT,face_noncom,4.0,1.6831000475022553,sub-11
r,MT,face_third,4.0,1.6546854173670524,sub-11
r,MT,ind,4.0,1.6196075666499996,sub-11
r,MT,interact,1.5,1.8654573088933968,sub-11
r,MT,noninteract,1.5,1.804475063321704,sub-11
r,MT,object,4.0,1.6471076944652534,sub-11
r,MT,photo,0.5,0.0014768360775757,sub-11
r,MT,phy,4.0,2.1630655692923235,sub-11
r,SI-STS,belief,0.5,0.3567678733778897,sub-11
r,SI-STS,body,1.5,0.8505084842192757,sub-11
r,SI-STS,com_ind,1.5,0.9011515463816868,sub-11
r,SI-STS,com_phy,1.5,0.8028882583564125,sub-11
r,SI-STS,face_first,1.5,1.3131797446691529,sub-11
r,SI-STS,face_noncom,1.5,0.6109830503091851,sub-11
r,SI-STS,face_third,1.5,1.0460505653486312,sub-11
r,SI-STS,ind,1.5,0.4783387254720266,sub-11
r,SI-STS,interact,1.5,0.6513650129681857,sub-11
r,SI-STS,noninteract,1.5,0.0699259242953629,sub-11
r,SI-STS,object,1.5,0.3611896587705698,sub-11
r,SI-STS,photo,0.5,0.104675709276989,sub-11
r,SI-STS,phy,1.5,0.7511363995019046,sub-11
r,TPJ,belief,0.5,0.4320917199527017,sub-11
r,TPJ,body,0.5,0.4771795865537797,sub-11
r,TPJ,com_ind,0.5,0.4229313542665519,sub-11
r,TPJ,com_phy,0.5,0.5436714286552589,sub-11
r,TPJ,face_first,0.5,0.6375355985556961,sub-11
r,TPJ,face_noncom,0.5,0.3491771034405931,sub-11
r,TPJ,face_third,0.5,0.5522180554289179,sub-11
r,TPJ,ind,0.5,0.4258957638775826,sub-11
r,TPJ,interact,0.5,0.1833395613018402,sub-11
r,TPJ,noninteract,0.5,-0.0465863369444784,sub-11
r,TPJ,object,0.5,0.3574402828788772,sub-11
r,TPJ,photo,0.5,0.0995521244005106,sub-11
r,TPJ,phy,0.5,0.2773433657033218,sub-11
r,fSTS,belief,0.5,0.2468093737665971,sub-11
r,fSTS,body,4.0,0.3295633041940666,sub-11
r,fSTS,com_ind,4.0,0.6723820949064679,sub-11
r,fSTS,com_phy,4.0,0.7152016187103967,sub-11
r,fSTS,face_first,4.0,0.8086024307909196,sub-11
r,fSTS,face_noncom,4.0,0.4526364296165889,sub-11
r,fSTS,face_third,4.0,0.7730957327015524,sub-11
r,fSTS,ind,4.0,0.515527100088038,sub-11
r,fSTS,interact,1.5,0.4348689510067626,sub-11
r,fSTS,noninteract,1.5,0.1065582493514237,sub-11
r,fSTS,object,4.0,0.1307378615202016,sub-11
r,fSTS,photo,0.5,0.0939480283877863,sub-11
r,fSTS,phy,4.0,0.5302674596409551,sub-11
l,EBA,belief,0.5,-0.0092121388487269,sub-12
l,EBA,body,4.0,1.2155561163145494,sub-12
l,EBA,com_ind,4.0,1.2126499817721044,sub-12
l,EBA,com_phy,4.0,1.1691988050713953,sub-12
l,EBA,face_first,4.0,0.6357637899744288,sub-12
l,EBA,face_noncom,4.0,1.0298251886143177,sub-12
l,EBA,face_third,4.0,0.6562803114996434,sub-12
l,EBA,ind,4.0,0.7713895095138914,sub-12
l,EBA,interact,1.5,1.1929659784512832,sub-12
l,EBA,noninteract,1.5,1.1952148709405588,sub-12
l,EBA,object,4.0,0.6490454361499077,sub-12
l,EBA,photo,0.5,-0.1254774480973011,sub-12
l,EBA,phy,4.0,1.5862170181607496,sub-12
l,EVC,belief,0.5,0.7125259759931547,sub-12
l,EVC,body,4.0,1.903945669265404,sub-12
l,EVC,com_ind,4.0,2.129563440687242,sub-12
l,EVC,com_phy,4.0,2.2248482120523527,sub-12
l,EVC,face_first,4.0,2.189036306078953,sub-12
l,EVC,face_noncom,4.0,2.05386653705458,sub-12
l,EVC,face_third,4.0,2.065522440220026,sub-12
l,EVC,ind,4.0,1.9451177085276223,sub-12
l,EVC,interact,1.5,1.2433462555706147,sub-12
l,EVC,noninteract,1.5,1.4445632757457323,sub-12
l,EVC,object,4.0,2.006194630855412,sub-12
l,EVC,photo,0.5,0.7480107613057962,sub-12
l,EVC,phy,4.0,2.33749275825797,sub-12
l,FFA,belief,0.5,0.4571875562322495,sub-12
l,FFA,body,4.0,1.072819407276776,sub-12
l,FFA,com_ind,4.0,1.902301254637236,sub-12
l,FFA,com_phy,4.0,1.7844688536884397,sub-12
l,FFA,face_first,4.0,2.004139722623068,sub-12
l,FFA,face_noncom,4.0,2.032527790779622,sub-12
l,FFA,face_third,4.0,1.9957111475852176,sub-12
l,FFA,ind,4.0,1.7090454437830862,sub-12
l,FFA,interact,1.5,0.8168461740181843,sub-12
l,FFA,noninteract,1.5,0.8417626818828456,sub-12
l,FFA,object,4.0,1.073887045045999,sub-12
l,FFA,photo,0.5,0.3185018536157246,sub-12
l,FFA,phy,4.0,1.928460397982468,sub-12
l,MT,belief,0.5,0.050100464194201,sub-12
l,MT,body,4.0,1.7938744034112848,sub-12
l,MT,com_ind,4.0,1.6151497608831136,sub-12
l,MT,com_phy,4.0,1.6876415290758575,sub-12
l,MT,face_first,4.0,1.409097824291674,sub-12
l,MT,face_noncom,4.0,1.6535321407587356,sub-12
l,MT,face_third,4.0,1.4049672075650266,sub-12
l,MT,ind,4.0,1.1889456391375115,sub-12
l,MT,interact,1.5,1.6768470147090375,sub-12
l,MT,noninteract,1.5,1.7628960375525955,sub-12
l,MT,object,4.0,1.7305225009282268,sub-12
l,MT,photo,0.5,0.0270581866794053,sub-12
l,MT,phy,4.0,2.018100523663266,sub-12
l,SI-STS,belief,0.5,0.6791179090567305,sub-12
l,SI-STS,body,1.5,0.6883621318157029,sub-12
l,SI-STS,com_ind,1.5,0.3266382653645701,sub-12
l,SI-STS,com_phy,1.5,0.4174480264102526,sub-12
l,SI-STS,face_first,1.5,0.7508989836057124,sub-12
l,SI-STS,face_noncom,1.5,0.3784691709178432,sub-12
l,SI-STS,face_third,1.5,0.5179661081233329,sub-12
l,SI-STS,ind,1.5,0.5855947544492394,sub-12
l,SI-STS,interact,1.5,0.5265780531622432,sub-12
l,SI-STS,noninteract,1.5,0.1047247810809029,sub-12
l,SI-STS,object,1.5,0.4187604356533005,sub-12
l,SI-STS,photo,0.5,0.3057549313087343,sub-12
l,SI-STS,phy,1.5,0.3918353456977095,sub-12
l,TPJ,belief,0.5,0.4804277329363844,sub-12
l,TPJ,body,0.5,0.2743876523404453,sub-12
l,TPJ,com_ind,0.5,-0.0572085326805595,sub-12
l,TPJ,com_phy,0.5,-0.0623458010443761,sub-12
l,TPJ,face_first,0.5,-0.1086347978234933,sub-12
l,TPJ,face_noncom,0.5,-0.0955333773915629,sub-12
l,TPJ,face_third,0.5,-0.0415472011002693,sub-12
l,TPJ,ind,0.5,0.4208632231575782,sub-12
l,TPJ,interact,0.5,0.0472828287019869,sub-12
l,TPJ,noninteract,0.5,-0.0803401868160131,sub-12
l,TPJ,object,0.5,-0.1240365912148742,sub-12
l,TPJ,photo,0.5,-0.1624923795332133,sub-12
l,TPJ,phy,0.5,0.2176782710791404,sub-12
l,fSTS,belief,0.5,0.7772052277398758,sub-12
l,fSTS,body,4.0,0.3578607816763586,sub-12
l,fSTS,com_ind,4.0,0.3364129346370885,sub-12
l,fSTS,com_phy,4.0,0.490044582443228,sub-12
l,fSTS,face_first,4.0,0.5068443004608336,sub-12
l,fSTS,face_noncom,4.0,0.39942606542688,sub-12
l,fSTS,face_third,4.0,0.544254156606076,sub-12
l,fSTS,ind,4.0,0.3449262073657201,sub-12
l,fSTS,interact,1.5,0.4012960780144716,sub-12
l,fSTS,noninteract,1.5,0.1754163080873263,sub-12
l,fSTS,object,4.0,0.2713450087189776,sub-12
l,fSTS,photo,0.5,0.5382006253922987,sub-12
l,fSTS,phy,4.0,0.3895377460200301,sub-12
r,EBA,belief,0.5,0.2634978033996012,sub-12
r,EBA,body,4.0,1.7294183563972412,sub-12
r,EBA,com_ind,4.0,1.970316751276608,sub-12
r,EBA,com_phy,4.0,2.0443708394178537,sub-12
r,EBA,face_first,4.0,1.4332577654056868,sub-12
r,EBA,face_noncom,4.0,1.6242960652467242,sub-12
r,EBA,face_third,4.0,1.5692397032951209,sub-12
r,EBA,ind,4.0,1.412095665394922,sub-12
r,EBA,interact,1.5,2.016238367348285,sub-12
r,EBA,noninteract,1.5,1.8039630032303355,sub-12
r,EBA,object,4.0,0.8761894343117113,sub-12
r,EBA,photo,0.5,0.0020033009613922,sub-12
r,EBA,phy,4.0,2.1790971820321587,sub-12
r,EVC,belief,0.5,0.7672475057283497,sub-12
r,EVC,body,4.0,1.7761555083344305,sub-12
r,EVC,com_ind,4.0,2.0543691453334523,sub-12
r,EVC,com_phy,4.0,2.124341125926335,sub-12
r,EVC,face_first,4.0,2.0403484508798604,sub-12
r,EVC,face_noncom,4.0,1.9408807608424896,sub-12
r,EVC,face_third,4.0,2.056352271467941,sub-12
r,EVC,ind,4.0,2.027886350537235,sub-12
r,EVC,interact,1.5,1.3429756863424538,sub-12
r,EVC,noninteract,1.5,1.4473382121117553,sub-12
r,EVC,object,4.0,2.067673117978444,sub-12
r,EVC,photo,0.5,0.7335766785728062,sub-12
r,EVC,phy,4.0,2.2370283195270164,sub-12
r,FFA,belief,0.5,0.1376881664083262,sub-12
r,FFA,body,4.0,0.7049988251443003,sub-12
r,FFA,com_ind,4.0,2.1403797584336512,sub-12
r,FFA,com_phy,4.0,1.909809325692516,sub-12
r,FFA,face_first,4.0,2.166226376156312,sub-12
r,FFA,face_noncom,4.0,2.197272502434888,sub-12
r,FFA,face_third,4.0,2.275475474173783,sub-12
r,FFA,ind,4.0,1.872874486225262,sub-12
r,FFA,interact,1.5,0.5487712251501725,sub-12
r,FFA,noninteract,1.5,0.4920475374672071,sub-12
r,FFA,object,4.0,0.630134544145388,sub-12
r,FFA,photo,0.5,0.0946396854935254,sub-12
r,FFA,phy,4.0,1.9057961212750327,sub-12
r,MT,belief,0.5,-0.1033696371407546,sub-12
r,MT,body,4.0,2.434766335374937,sub-12
r,MT,com_ind,4.0,2.205762642342876,sub-12
r,MT,com_phy,4.0,2.454577757121415,sub-12
r,MT,face_first,4.0,1.6173073847877135,sub-12
r,MT,face_noncom,4.0,2.1332353566395814,sub-12
r,MT,face_third,4.0,1.8367254346333044,sub-12
r,MT,ind,4.0,1.676770027494365,sub-12
r,MT,interact,1.5,2.314046805028237,sub-12
r,MT,noninteract,1.5,2.2454144428390395,sub-12
r,MT,object,4.0,1.9766229598499268,sub-12
r,MT,photo,0.5,-0.1679084254952537,sub-12
r,MT,phy,4.0,2.573629184708361,sub-12
r,SI-STS,belief,0.5,0.6673422163941864,sub-12
r,SI-STS,body,1.5,0.7770293391647956,sub-12
r,SI-STS,com_ind,1.5,0.7739291131673876,sub-12
r,SI-STS,com_phy,1.5,0.4968712655414034,sub-12
r,SI-STS,face_first,1.5,0.8551488568798443,sub-12
r,SI-STS,face_noncom,1.5,0.4425749040077929,sub-12
r,SI-STS,face_third,1.5,0.6631932765703179,sub-12
r,SI-STS,ind,1.5,0.4638382211187837,sub-12
r,SI-STS,interact,1.5,1.2395844288170748,sub-12
r,SI-STS,noninteract,1.5,0.6349420735557297,sub-12
r,SI-STS,object,1.5,0.3510499734809268,sub-12
r,SI-STS,photo,0.5,0.0994734207122314,sub-12
r,SI-STS,phy,1.5,0.782720714787388,sub-12
r,TPJ,belief,0.5,0.9206789207076236,sub-12
r,TPJ,body,0.5,-0.0409879908231134,sub-12
r,TPJ,com_ind,0.5,-0.0165144004016024,sub-12
r,TPJ,com_phy,0.5,-0.2927320028790323,sub-12
r,TPJ,face_first,0.5,0.0030707824985351,sub-12
r,TPJ,face_noncom,0.5,-0.0447220574559832,sub-12
r,TPJ,face_third,0.5,-0.0351050765817522,sub-12
r,TPJ,ind,0.5,-0.0084750122361296,sub-12
r,TPJ,interact,0.5,0.2641124382630678,sub-12
r,TPJ,noninteract,0.5,0.0442410696188145,sub-12
r,TPJ,object,0.5,-0.2770209860309969,sub-12
r,TPJ,photo,0.5,-0.0338843380952785,sub-12
r,TPJ,phy,0.5,0.2407331249358853,sub-12
r,fSTS,belief,0.5,0.8415508325694152,sub-12
r,fSTS,body,4.0,-0.0371661277602026,sub-12
r,fSTS,com_ind,4.0,0.2162643989309651,sub-12
r,fSTS,com_phy,4.0,0.2303753671704388,sub-12
r,fSTS,face_first,4.0,0.3196087397100267,sub-12
r,fSTS,face_noncom,4.0,0.0579744695554851,sub-12
r,fSTS,face_third,4.0,0.4519642490433203,sub-12
r,fSTS,ind,4.0,0.0698968484200566,sub-12
r,fSTS,interact,1.5,0.1087906486312226,sub-12
r,fSTS,noninteract,1.5,-0.0462298367274095,sub-12
r,fSTS,object,4.0,-0.020458054269998,sub-12
r,fSTS,photo,0.5,0.3132882265901373,sub-12
r,fSTS,phy,4.0,0.1089641458682658,sub-12
l,EBA,belief,0.5,0.4279275562068133,sub-13
l,EBA,body,4.0,1.3190397206082554,sub-13
l,EBA,com_ind,4.0,1.2922250495423289,sub-13
l,EBA,com_phy,4.0,1.2587729105472287,sub-13
l,EBA,face_first,4.0,0.7051661175335487,sub-13
l,EBA,face_noncom,4.0,0.831470827126342,sub-13
l,EBA,face_third,4.0,0.7896737671752476,sub-13
l,EBA,ind,4.0,0.7653571288104899,sub-13
l,EBA,interact,1.5,0.8860016463272062,sub-13
l,EBA,noninteract,1.5,1.1728476586030745,sub-13
l,EBA,object,4.0,0.6462093239385885,sub-13
l,EBA,photo,0.5,0.2488654538445794,sub-13
l,EBA,phy,4.0,1.656473014894582,sub-13
l,EVC,belief,0.5,1.7420818325015344,sub-13
l,EVC,body,4.0,2.0525778823520486,sub-13
l,EVC,com_ind,4.0,2.804458084539613,sub-13
l,EVC,com_phy,4.0,2.46718137522685,sub-13
l,EVC,face_first,4.0,2.5863372021675057,sub-13
l,EVC,face_noncom,4.0,2.4448249102062904,sub-13
l,EVC,face_third,4.0,2.611113580099216,sub-13
l,EVC,ind,4.0,2.500071370305538,sub-13
l,EVC,interact,1.5,1.004318454358267,sub-13
l,EVC,noninteract,1.5,1.4199743424485676,sub-13
l,EVC,object,4.0,1.965920384271986,sub-13
l,EVC,photo,0.5,1.7048710726102874,sub-13
l,EVC,phy,4.0,2.677111233365248,sub-13
l,FFA,belief,0.5,0.8257457463771803,sub-13
l,FFA,body,4.0,0.1575127761575955,sub-13
l,FFA,com_ind,4.0,0.5414056910212612,sub-13
l,FFA,com_phy,4.0,0.4023354175281811,sub-13
l,FFA,face_first,4.0,0.6781936349676633,sub-13
l,FFA,face_noncom,4.0,0.4363514742676411,sub-13
l,FFA,face_third,4.0,0.5410145980877713,sub-13
l,FFA,ind,4.0,0.2678348572250115,sub-13
l,FFA,interact,1.5,-0.0439080866107459,sub-13
l,FFA,noninteract,1.5,0.1995828937940086,sub-13
l,FFA,object,4.0,0.1121964752276608,sub-13
l,FFA,photo,0.5,0.863600480021714,sub-13
l,FFA,phy,4.0,0.6591393781381064,sub-13
l,MT,belief,0.5,1.0497440045215711,sub-13
l,MT,body,4.0,3.192701817505691,sub-13
l,MT,com_ind,4.0,2.757687271438891,sub-13
l,MT,com_phy,4.0,2.907277114187304,sub-13
l,MT,face_first,4.0,1.8925665822334563,sub-13
l,MT,face_noncom,4.0,2.291688627620113,sub-13
l,MT,face_third,4.0,2.226627192687277,sub-13
l,MT,ind,4.0,1.916897399617866,sub-13
l,MT,interact,1.5,2.437421532562219,sub-13
l,MT,noninteract,1.5,3.1611338731954857,sub-13
l,MT,object,4.0,2.654269722992677,sub-13
l,MT,photo,0.5,0.9308396422631394,sub-13
l,MT,phy,4.0,3.568922265953713,sub-13
l,SI-STS,belief,0.5,0.4054492447828797,sub-13
l,SI-STS,body,1.5,-0.0657807741822147,sub-13
l,SI-STS,com_ind,1.5,0.0509663976906605,sub-13
l,SI-STS,com_phy,1.5,-0.2187136506756806,sub-13
l,SI-STS,face_first,1.5,0.088731939785329,sub-13
l,SI-STS,face_noncom,1.5,0.1166162486191703,sub-13
l,SI-STS,face_third,1.5,0.0219071627129911,sub-13
l,SI-STS,ind,1.5,-0.035463033512017,sub-13
l,SI-STS,interact,1.5,-0.0933459438304439,sub-13
l,SI-STS,noninteract,1.5,-0.0299682459023644,sub-13
l,SI-STS,object,1.5,-0.078486667419921,sub-13
l,SI-STS,photo,0.5,0.1880531584247355,sub-13
l,SI-STS,phy,1.5,0.0693065327968505,sub-13
l,TPJ,belief,0.5,1.0393920851598055,sub-13
l,TPJ,body,0.5,-0.0922741822056665,sub-13
l,TPJ,com_ind,0.5,0.3367688755499193,sub-13
l,TPJ,com_phy,0.5,-0.1053422751146255,sub-13
l,TPJ,face_first,0.5,0.2806525046286752,sub-13
l,TPJ,face_noncom,0.5,0.0820236934487829,sub-13
l,TPJ,face_third,0.5,0.2750710912678925,sub-13
l,TPJ,ind,0.5,-0.0494013783716004,sub-13
l,TPJ,interact,0.5,0.1513280229278115,sub-13
l,TPJ,noninteract,0.5,0.2633693696064293,sub-13
l,TPJ,object,0.5,-0.0212617827401349,sub-13
l,TPJ,photo,0.5,0.3910744916877871,sub-13
l,TPJ,phy,0.5,0.2434439930956195,sub-13
l,fSTS,belief,0.5,0.3871863667284559,sub-13
l,fSTS,body,4.0,0.0358906476078936,sub-13
l,fSTS,com_ind,4.0,0.2408590376084538,sub-13
l,fSTS,com_phy,4.0,0.1505759491259588,sub-13
l,fSTS,face_first,4.0,0.2578685899858394,sub-13
l,fSTS,face_noncom,4.0,0.1860172361716378,sub-13
l,fSTS,face_third,4.0,0.3174607296958918,sub-13
l,fSTS,ind,4.0,0.0846384959561803,sub-13
l,fSTS,interact,1.5,0.0763630555003626,sub-13
l,fSTS,noninteract,1.5,0.1802724146139727,sub-13
l,fSTS,object,4.0,0.0349510706179157,sub-13
l,fSTS,photo,0.5,0.2595290589409487,sub-13
l,fSTS,phy,4.0,0.1335696698972116,sub-13
r,EBA,belief,0.5,0.3441608505686472,sub-13
r,EBA,body,4.0,1.327495631694525,sub-13
r,EBA,com_ind,4.0,1.4280834689573294,sub-13
r,EBA,com_phy,4.0,1.4685366585459945,sub-13
r,EBA,face_first,4.0,0.9945121606100829,sub-13
r,EBA,face_noncom,4.0,1.166033151121996,sub-13
r,EBA,face_third,4.0,1.1170317919895894,sub-13
r,EBA,ind,4.0,0.9719650705571338,sub-13
r,EBA,interact,1.5,0.9699313445754308,sub-13
r,EBA,noninteract,1.5,1.155597854967516,sub-13
r,EBA,object,4.0,0.6969242389556297,sub-13
r,EBA,photo,0.5,0.1037972391240734,sub-13
r,EBA,phy,4.0,1.5862532183740736,sub-13
r,EVC,belief,0.5,2.431461321470313,sub-13
r,EVC,body,4.0,1.995386189487924,sub-13
r,EVC,com_ind,4.0,3.2343563630043204,sub-13
r,EVC,com_phy,4.0,2.675111769654136,sub-13
r,EVC,face_first,4.0,2.797730338209888,sub-13
r,EVC,face_noncom,4.0,2.4299417900373954,sub-13
r,EVC,face_third,4.0,2.900870526619058,sub-13
r,EVC,ind,4.0,2.848372314788452,sub-13
r,EVC,interact,1.5,1.2122868530594135,sub-13
r,EVC,noninteract,1.5,1.7548168176328818,sub-13
r,EVC,object,4.0,2.171461985481869,sub-13
r,EVC,photo,0.5,2.469914454931889,sub-13
r,EVC,phy,4.0,2.9914070726277373,sub-13
r,FFA,belief,0.5,0.7897567961688837,sub-13
r,FFA,body,4.0,0.8931354764124735,sub-13
r,FFA,com_ind,4.0,1.3532038157868955,sub-13
r,FFA,com_phy,4.0,1.250580824226441,sub-13
r,FFA,face_first,4.0,1.473126279624759,sub-13
r,FFA,face_noncom,4.0,1.521927020121969,sub-13
r,FFA,face_third,4.0,1.483690196839535,sub-13
r,FFA,ind,4.0,1.0102128322671695,sub-13
r,FFA,interact,1.5,0.2006896697837522,sub-13
r,FFA,noninteract,1.5,0.6057215062759468,sub-13
r,FFA,object,4.0,0.8227405515957408,sub-13
r,FFA,photo,0.5,0.705720399191008,sub-13
r,FFA,phy,4.0,1.3954348482052463,sub-13
r,MT,belief,0.5,0.490340860027199,sub-13
r,MT,body,4.0,2.4219400592192,sub-13
r,MT,com_ind,4.0,2.248120806691025,sub-13
r,MT,com_phy,4.0,2.396949843552284,sub-13
r,MT,face_first,4.0,1.6742703154471354,sub-13
r,MT,face_noncom,4.0,1.9609229400564336,sub-13
r,MT,face_third,4.0,1.9149903257629928,sub-13
r,MT,ind,4.0,1.5618317542125666,sub-13
r,MT,interact,1.5,2.039966054707038,sub-13
r,MT,noninteract,1.5,2.432103933795908,sub-13
r,MT,object,4.0,1.9665483128534889,sub-13
r,MT,photo,0.5,0.3275546491442276,sub-13
r,MT,phy,4.0,2.690206085422846,sub-13
r,SI-STS,belief,0.5,0.282386689579354,sub-13
r,SI-STS,body,1.5,0.075871503427652,sub-13
r,SI-STS,com_ind,1.5,0.1835604542849197,sub-13
r,SI-STS,com_phy,1.5,0.0141621146780646,sub-13
r,SI-STS,face_first,1.5,0.2698467184948367,sub-13
r,SI-STS,face_noncom,1.5,0.1236401339617351,sub-13
r,SI-STS,face_third,1.5,0.2124678352366342,sub-13
r,SI-STS,ind,1.5,0.0785456387028708,sub-13
r,SI-STS,interact,1.5,-0.0993927946906402,sub-13
r,SI-STS,noninteract,1.5,-0.0018370026317944,sub-13
r,SI-STS,object,1.5,-0.0093833608138214,sub-13
r,SI-STS,photo,0.5,0.1308437663083601,sub-13
r,SI-STS,phy,1.5,0.15257656851648,sub-13
r,TPJ,belief,0.5,0.7483952788209133,sub-13
r,TPJ,body,0.5,0.1364403696124036,sub-13
r,TPJ,com_ind,0.5,0.3721096955777986,sub-13
r,TPJ,com_phy,0.5,0.0403961646622476,sub-13
r,TPJ,face_first,0.5,0.6222097502929231,sub-13
r,TPJ,face_noncom,0.5,0.309437386411629,sub-13
r,TPJ,face_third,0.5,0.3430146087621674,sub-13
r,TPJ,ind,0.5,0.0732738976440102,sub-13
r,TPJ,interact,0.5,-0.0774129472009315,sub-13
r,TPJ,noninteract,0.5,0.1920508299658292,sub-13
r,TPJ,object,0.5,0.1034116467155795,sub-13
r,TPJ,photo,0.5,0.3321646727408633,sub-13
r,TPJ,phy,0.5,0.5066030796765589,sub-13
r,fSTS,belief,0.5,0.839325363449366,sub-13
r,fSTS,body,4.0,0.557613185800989,sub-13
r,fSTS,com_ind,4.0,1.0866411808886665,sub-13
r,fSTS,com_phy,4.0,0.9539031170701782,sub-13
r,fSTS,face_first,4.0,1.1392504993553516,sub-13
r,fSTS,face_noncom,4.0,0.6271350646991328,sub-13
r,fSTS,face_third,4.0,1.0697713496317072,sub-13
r,fSTS,ind,4.0,0.509109264246188,sub-13
r,fSTS,interact,1.5,0.2751009217057003,sub-13
r,fSTS,noninteract,1.5,0.334698404610959,sub-13
r,fSTS,object,4.0,0.1581043619365151,sub-13
r,fSTS,photo,0.5,0.3555720961978257,sub-13
r,fSTS,phy,4.0,0.9506360841788044,sub-13
l,EBA,belief,0.5,0.0682806172603986,sub-14
l,EBA,body,4.0,1.5975481749898195,sub-14
l,EBA,com_ind,4.0,1.24877248627629,sub-14
l,EBA,com_phy,4.0,1.5610684159880155,sub-14
l,EBA,face_first,4.0,0.5733116294215559,sub-14
l,EBA,face_noncom,4.0,0.967166606718632,sub-14
l,EBA,face_third,4.0,0.6610914367001904,sub-14
l,EBA,ind,4.0,0.9040259956036052,sub-14
l,EBA,interact,1.5,1.541419040965969,sub-14
l,EBA,noninteract,1.5,1.2620393756543016,sub-14
l,EBA,object,4.0,0.7991812882441693,sub-14
l,EBA,photo,0.5,0.0402203921890786,sub-14
l,EBA,phy,4.0,1.5642887841892308,sub-14
l,EVC,belief,0.5,1.0145116327584525,sub-14
l,EVC,body,4.0,3.204417842534877,sub-14
l,EVC,com_ind,4.0,4.206234480005746,sub-14
l,EVC,com_phy,4.0,4.113520262494509,sub-14
l,EVC,face_first,4.0,3.6096648642308895,sub-14
l,EVC,face_noncom,4.0,3.752678391714906,sub-14
l,EVC,face_third,4.0,3.3665491367059763,sub-14
l,EVC,ind,4.0,3.737373666458695,sub-14
l,EVC,interact,1.5,2.1587371897201955,sub-14
l,EVC,noninteract,1.5,2.5127459860652657,sub-14
l,EVC,object,4.0,3.0735401699999327,sub-14
l,EVC,photo,0.5,0.944306071520684,sub-14
l,EVC,phy,4.0,4.188556297355609,sub-14
l,FFA,belief,0.5,0.598613087999321,sub-14
l,FFA,body,4.0,0.8450891533662763,sub-14
l,FFA,com_ind,4.0,1.1440260909747866,sub-14
l,FFA,com_phy,4.0,1.3196943124459113,sub-14
l,FFA,face_first,4.0,1.3158262491375898,sub-14
l,FFA,face_noncom,4.0,1.3020524545758814,sub-14
l,FFA,face_third,4.0,1.2546382486410166,sub-14
l,FFA,ind,4.0,1.0934435517297172,sub-14
l,FFA,interact,1.5,0.8345381299607398,sub-14
l,FFA,noninteract,1.5,0.7435416806244333,sub-14
l,FFA,object,4.0,0.6602769672030655,sub-14
l,FFA,photo,0.5,0.5622032545089899,sub-14
l,FFA,phy,4.0,1.0197777668103474,sub-14
l,MT,belief,0.5,0.5797500544381391,sub-14
l,MT,body,4.0,4.076804235453662,sub-14
l,MT,com_ind,4.0,3.357294716868724,sub-14
l,MT,com_phy,4.0,3.921082036464347,sub-14
l,MT,face_first,4.0,2.738577938978198,sub-14
l,MT,face_noncom,4.0,3.406175115711676,sub-14
l,MT,face_third,4.0,2.714148447849809,sub-14
l,MT,ind,4.0,2.591452550757789,sub-14
l,MT,interact,1.5,3.5443240803991585,sub-14
l,MT,noninteract,1.5,3.5360675240231125,sub-14
l,MT,object,4.0,3.1876044569409,sub-14
l,MT,photo,0.5,0.594149350217112,sub-14
l,MT,phy,4.0,4.014649285081028,sub-14
l,SI-STS,belief,0.5,1.075274203497362,sub-14
l,SI-STS,body,1.5,0.6256082372222675,sub-14
l,SI-STS,com_ind,1.5,1.2078642956360257,sub-14
l,SI-STS,com_phy,1.5,1.1597601222458966,sub-14
l,SI-STS,face_first,1.5,0.7335327168084108,sub-14
l,SI-STS,face_noncom,1.5,0.9913482929319252,sub-14
l,SI-STS,face_third,1.5,0.9108490876597738,sub-14
l,SI-STS,ind,1.5,0.3859908004098704,sub-14
l,SI-STS,interact,1.5,1.5553385864659437,sub-14
l,SI-STS,noninteract,1.5,0.9110045605314426,sub-14
l,SI-STS,object,1.5,0.0280866495798048,sub-14
l,SI-STS,photo,0.5,0.847720410610613,sub-14
l,SI-STS,phy,1.5,0.743913431381855,sub-14
l,TPJ,belief,0.5,0.5744513739152969,sub-14
l,TPJ,body,0.5,0.0491919429883204,sub-14
l,TPJ,com_ind,0.5,0.2920954424340786,sub-14
l,TPJ,com_phy,0.5,0.5487600494817972,sub-14
l,TPJ,face_first,0.5,0.2935953723367039,sub-14
l,TPJ,face_noncom,0.5,0.2993150492440186,sub-14
l,TPJ,face_third,0.5,0.0343107936803533,sub-14
l,TPJ,ind,0.5,-0.0736899205914529,sub-14
l,TPJ,interact,0.5,0.7751766295850357,sub-14
l,TPJ,noninteract,0.5,0.557303887411648,sub-14
l,TPJ,object,0.5,0.0952940607585329,sub-14
l,TPJ,photo,0.5,0.4310367165170412,sub-14
l,TPJ,phy,0.5,0.2995094500348394,sub-14
l,fSTS,belief,0.5,1.5630894239570874,sub-14
l,fSTS,body,4.0,-0.281443807834641,sub-14
l,fSTS,com_ind,4.0,0.1798692959561516,sub-14
l,fSTS,com_phy,4.0,0.0554652184761175,sub-14
l,fSTS,face_first,4.0,0.3049801935089088,sub-14
l,fSTS,face_noncom,4.0,0.0073461529724007,sub-14
l,fSTS,face_third,4.0,0.1563582778798757,sub-14
l,fSTS,ind,4.0,-0.2228147411111276,sub-14
l,fSTS,interact,1.5,0.311740430999572,sub-14
l,fSTS,noninteract,1.5,0.0294583849748399,sub-14
l,fSTS,object,4.0,-0.24629065188066,sub-14
l,fSTS,photo,0.5,1.3650654004591902,sub-14
l,fSTS,phy,4.0,-0.1725120465308611,sub-14
r,EBA,belief,0.5,0.0404167508090966,sub-14
r,EBA,body,4.0,1.8465383680719003,sub-14
r,EBA,com_ind,4.0,1.5692629513128964,sub-14
r,EBA,com_phy,4.0,1.7815188909799116,sub-14
r,EBA,face_first,4.0,0.99301028001889,sub-14
r,EBA,face_noncom,4.0,1.4693393096733527,sub-14
r,EBA,face_third,4.0,1.130938040766158,sub-14
r,EBA,ind,4.0,1.312250791780013,sub-14
r,EBA,interact,1.5,1.4706883413411669,sub-14
r,EBA,noninteract,1.5,1.4432744516486562,sub-14
r,EBA,object,4.0,1.1208774008699738,sub-14
r,EBA,photo,0.5,-0.0235610175126494,sub-14
r,EBA,phy,4.0,1.809435145151577,sub-14
r,EVC,belief,0.5,2.27629785098439,sub-14
r,EVC,body,4.0,3.861533982501748,sub-14
r,EVC,com_ind,4.0,5.323381983024018,sub-14
r,EVC,com_phy,4.0,5.00684630261433,sub-14
r,EVC,face_first,4.0,4.620842897632127,sub-14
r,EVC,face_noncom,4.0,4.31601174543481,sub-14
r,EVC,face_third,4.0,4.295088324111524,sub-14
r,EVC,ind,4.0,4.823814667104363,sub-14
r,EVC,interact,1.5,2.500365224949902,sub-14
r,EVC,noninteract,1.5,2.981863710189895,sub-14
r,EVC,object,4.0,4.201858069084057,sub-14
r,EVC,photo,0.5,2.1251806728664544,sub-14
r,EVC,phy,4.0,4.744091106149996,sub-14
r,FFA,belief,0.5,0.3570574294912162,sub-14
r,FFA,body,4.0,0.8732571163854532,sub-14
r,FFA,com_ind,4.0,1.4526674132807178,sub-14
r,FFA,com_phy,4.0,1.5722967048453074,sub-14
r,FFA,face_first,4.0,1.492866583586944,sub-14
r,FFA,face_noncom,4.0,1.4621301137981262,sub-14
r,FFA,face_third,4.0,1.3540778967120837,sub-14
r,FFA,ind,4.0,1.3592522912611205,sub-14
r,FFA,interact,1.5,0.871267701713948,sub-14
r,FFA,noninteract,1.5,0.8421510694430283,sub-14
r,FFA,object,4.0,0.6626860940793162,sub-14
r,FFA,photo,0.5,0.254433057214859,sub-14
r,FFA,phy,4.0,1.3579104477057158,sub-14
r,MT,belief,0.5,0.5225227943159143,sub-14
r,MT,body,4.0,3.592799847780386,sub-14
r,MT,com_ind,4.0,3.365767428762727,sub-14
r,MT,com_phy,4.0,3.636753886962527,sub-14
r,MT,face_first,4.0,2.482442939510569,sub-14
r,MT,face_noncom,4.0,3.109303361177948,sub-14
r,MT,face_third,4.0,2.5532459735278143,sub-14
r,MT,ind,4.0,2.942354639783144,sub-14
r,MT,interact,1.5,2.7703520896466243,sub-14
r,MT,noninteract,1.5,2.794231029641292,sub-14
r,MT,object,4.0,2.988056900055835,sub-14
r,MT,photo,0.5,0.4447526605558791,sub-14
r,MT,phy,4.0,3.724994030147713,sub-14
r,SI-STS,belief,0.5,0.495894707333412,sub-14
r,SI-STS,body,1.5,0.3389476893581089,sub-14
r,SI-STS,com_ind,1.5,0.4540774565533699,sub-14
r,SI-STS,com_phy,1.5,0.4503072192472493,sub-14
r,SI-STS,face_first,1.5,0.5269563912380646,sub-14
r,SI-STS,face_noncom,1.5,0.3150437523821892,sub-14
r,SI-STS,face_third,1.5,0.3304869850070398,sub-14
r,SI-STS,ind,1.5,0.116540866525178,sub-14
r,SI-STS,interact,1.5,0.940173861551771,sub-14
r,SI-STS,noninteract,1.5,0.5693614946649957,sub-14
r,SI-STS,object,1.5,0.3487492589589919,sub-14
r,SI-STS,photo,0.5,0.3250709995733272,sub-14
r,SI-STS,phy,1.5,0.2909544578684706,sub-14
r,TPJ,belief,0.5,0.2462089203976362,sub-14
r,TPJ,body,0.5,0.4872064777259455,sub-14
r,TPJ,com_ind,0.5,0.5211802334489699,sub-14
r,TPJ,com_phy,0.5,0.5333048544219513,sub-14
r,TPJ,face_first,0.5,0.28746155411276,sub-14
r,TPJ,face_noncom,0.5,0.2978979053305874,sub-14
r,TPJ,face_third,0.5,0.3305944898018026,sub-14
r,TPJ,ind,0.5,0.0998556190651506,sub-14
r,TPJ,interact,0.5,0.9276665208932277,sub-14
r,TPJ,noninteract,0.5,0.7020417920368862,sub-14
r,TPJ,object,0.5,0.3227858085621419,sub-14
r,TPJ,photo,0.5,0.0675783936987832,sub-14
r,TPJ,phy,0.5,0.3170850450236646,sub-14
r,fSTS,belief,0.5,0.1876777289843788,sub-14
r,fSTS,body,4.0,0.1203560436956939,sub-14
r,fSTS,com_ind,4.0,0.1637465427459556,sub-14
r,fSTS,com_phy,4.0,0.205934891413156,sub-14
r,fSTS,face_first,4.0,0.2016932976590332,sub-14
r,fSTS,face_noncom,4.0,0.1204995485284629,sub-14
r,fSTS,face_third,4.0,0.1031760885239724,sub-14
r,fSTS,ind,4.0,0.0682721828919719,sub-14
r,fSTS,interact,1.5,0.3030539590951563,sub-14
r,fSTS,noninteract,1.5,0.2047488334212476,sub-14
r,fSTS,object,4.0,0.0563253341474924,sub-14
r,fSTS,photo,0.5,0.1060402192878822,sub-14
r,fSTS,phy,4.0,0.1144008881183822,sub-14
l,EBA,belief,0.5,-0.3001752366836923,sub-15
l,EBA,body,4.0,1.0591629935627336,sub-15
l,EBA,com_ind,4.0,0.569378789676581,sub-15
l,EBA,com_phy,4.0,0.8290862625243292,sub-15
l,EBA,face_first,4.0,0.1657105475095454,sub-15
l,EBA,face_noncom,4.0,0.5612281041350695,sub-15
l,EBA,face_third,4.0,0.2989908179528181,sub-15
l,EBA,ind,4.0,0.4905515819226493,sub-15
l,EBA,interact,1.5,0.4422172152530719,sub-15
l,EBA,noninteract,1.5,0.500489495127928,sub-15
l,EBA,object,4.0,0.2945705103267573,sub-15
l,EBA,photo,0.5,-0.3246098996163252,sub-15
l,EBA,phy,4.0,0.9255857503980331,sub-15
l,EVC,belief,0.5,0.9168228751512412,sub-15
l,EVC,body,4.0,2.7900615560073496,sub-15
l,EVC,com_ind,4.0,3.1617566779996378,sub-15
l,EVC,com_phy,4.0,3.1907068826818,sub-15
l,EVC,face_first,4.0,2.815380509881685,sub-15
l,EVC,face_noncom,4.0,2.936824218201324,sub-15
l,EVC,face_third,4.0,2.773623467851648,sub-15
l,EVC,ind,4.0,3.165283090246135,sub-15
l,EVC,interact,1.5,1.359802847951995,sub-15
l,EVC,noninteract,1.5,1.5547294399939793,sub-15
l,EVC,object,4.0,2.554400755087017,sub-15
l,EVC,photo,0.5,0.9031074163252384,sub-15
l,EVC,phy,4.0,3.139715275845757,sub-15
l,FFA,belief,0.5,0.1773557958779181,sub-15
l,FFA,body,4.0,0.9444137877138298,sub-15
l,FFA,com_ind,4.0,1.328886383490928,sub-15
l,FFA,com_phy,4.0,1.584798283509048,sub-15
l,FFA,face_first,4.0,1.2862447947585045,sub-15
l,FFA,face_noncom,4.0,1.6194819097164046,sub-15
l,FFA,face_third,4.0,1.46637612493161,sub-15
l,FFA,ind,4.0,1.23190337903627,sub-15
l,FFA,interact,1.5,0.3770522568514784,sub-15
l,FFA,noninteract,1.5,0.4589209529177303,sub-15
l,FFA,object,4.0,0.388679008355777,sub-15
l,FFA,photo,0.5,0.0944930220848737,sub-15
l,FFA,phy,4.0,1.454243723625505,sub-15
l,MT,belief,0.5,0.2077747594174251,sub-15
l,MT,body,4.0,3.2082671843421697,sub-15
l,MT,com_ind,4.0,2.1079788880165657,sub-15
l,MT,com_phy,4.0,2.784223636350626,sub-15
l,MT,face_first,4.0,1.3316769293116963,sub-15
l,MT,face_noncom,4.0,2.2565835251187454,sub-15
l,MT,face_third,4.0,1.7375005800505452,sub-15
l,MT,ind,4.0,1.694698207623958,sub-15
l,MT,interact,1.5,2.1585183875914864,sub-15
l,MT,noninteract,1.5,2.3751341463585844,sub-15
l,MT,object,4.0,2.10350889054723,sub-15
l,MT,photo,0.5,0.122998523844291,sub-15
l,MT,phy,4.0,3.1806359982329195,sub-15
l,SI-STS,belief,0.5,0.4204063728364643,sub-15
l,SI-STS,body,1.5,-0.0696664891405711,sub-15
l,SI-STS,com_ind,1.5,0.1010840259566902,sub-15
l,SI-STS,com_phy,1.5,0.1398368219722882,sub-15
l,SI-STS,face_first,1.5,0.0835572541391581,sub-15
l,SI-STS,face_noncom,1.5,0.0879521891754165,sub-15
l,SI-STS,face_third,1.5,0.0958145495510788,sub-15
l,SI-STS,ind,1.5,0.0933216556871383,sub-15
l,SI-STS,interact,1.5,0.0738455291757738,sub-15
l,SI-STS,noninteract,1.5,-0.0284350608789508,sub-15
l,SI-STS,object,1.5,-0.0976448269608337,sub-15
l,SI-STS,photo,0.5,0.2522240710975768,sub-15
l,SI-STS,phy,1.5,-0.0775580845701925,sub-15
l,TPJ,belief,0.5,0.2438902660389084,sub-15
l,TPJ,body,0.5,-0.5401290359569108,sub-15
l,TPJ,com_ind,0.5,-0.1481335159321977,sub-15
l,TPJ,com_phy,0.5,-0.003502848337518,sub-15
l,TPJ,face_first,0.5,-0.1576048718712897,sub-15
l,TPJ,face_noncom,0.5,-0.3882233363694164,sub-15
l,TPJ,face_third,0.5,-0.3055092705831864,sub-15
l,TPJ,ind,0.5,0.0179016567460526,sub-15
l,TPJ,interact,0.5,0.2447165188664837,sub-15
l,TPJ,noninteract,0.5,0.1397240820989079,sub-15
l,TPJ,object,0.5,-0.3995357323002401,sub-15
l,TPJ,photo,0.5,-0.0633443680497182,sub-15
l,TPJ,phy,0.5,-0.1248826040635138,sub-15
l,fSTS,belief,0.5,0.4215618928034674,sub-15
l,fSTS,body,4.0,0.2181432439406061,sub-15
l,fSTS,com_ind,4.0,0.1687183672816334,sub-15
l,fSTS,com_phy,4.0,0.2129566404712571,sub-15
l,fSTS,face_first,4.0,0.3394292928582675,sub-15
l,fSTS,face_noncom,4.0,0.1849011271211758,sub-15
l,fSTS,face_third,4.0,0.3656204646765562,sub-15
l,fSTS,ind,4.0,0.1961573183452206,sub-15
l,fSTS,interact,1.5,0.2325723905478487,sub-15
l,fSTS,noninteract,1.5,0.1740792834660325,sub-15
l,fSTS,object,4.0,0.1733849413400613,sub-15
l,fSTS,photo,0.5,0.4003554227673609,sub-15
l,fSTS,phy,4.0,0.1478718449271086,sub-15
r,EBA,belief,0.5,-0.1890350245551714,sub-15
r,EBA,body,4.0,1.3250066906696352,sub-15
r,EBA,com_ind,4.0,0.8555145191839952,sub-15
r,EBA,com_phy,4.0,1.2506562481057824,sub-15
r,EBA,face_first,4.0,0.1992741886745328,sub-15
r,EBA,face_noncom,4.0,0.6294036067631018,sub-15
r,EBA,face_third,4.0,0.3526516310965008,sub-15
r,EBA,ind,4.0,0.7000694001594482,sub-15
r,EBA,interact,1.5,0.7872534789800791,sub-15
r,EBA,noninteract,1.5,0.7519678689028924,sub-15
r,EBA,object,4.0,0.3584290397031403,sub-15
r,EBA,photo,0.5,-0.2518428953259464,sub-15
r,EBA,phy,4.0,1.2391691864954206,sub-15
r,EVC,belief,0.5,1.3113886963100818,sub-15
r,EVC,body,4.0,2.9150398196038445,sub-15
r,EVC,com_ind,4.0,3.3146917751907674,sub-15
r,EVC,com_phy,4.0,3.4519687858818022,sub-15
r,EVC,face_first,4.0,3.097102450957106,sub-15
r,EVC,face_noncom,4.0,3.048455363268203,sub-15
r,EVC,face_third,4.0,3.096684546715861,sub-15
r,EVC,ind,4.0,3.301803249338999,sub-15
r,EVC,interact,1.5,1.195224555411034,sub-15
r,EVC,noninteract,1.5,1.4983045173441436,sub-15
r,EVC,object,4.0,3.37806875302174,sub-15
r,EVC,photo,0.5,1.3128221669591595,sub-15
r,EVC,phy,4.0,3.363400905705655,sub-15
r,FFA,belief,0.5,0.0334224849701965,sub-15
r,FFA,body,4.0,0.8279979600035515,sub-15
r,FFA,com_ind,4.0,1.1975431402693335,sub-15
r,FFA,com_phy,4.0,1.3779586566583353,sub-15
r,FFA,face_first,4.0,1.3600556471993224,sub-15
r,FFA,face_noncom,4.0,1.66689871062725,sub-15
r,FFA,face_third,4.0,1.4748632375072888,sub-15
r,FFA,ind,4.0,1.1079328555509185,sub-15
r,FFA,interact,1.5,0.2961617002629969,sub-15
r,FFA,noninteract,1.5,0.3518995341987526,sub-15
r,FFA,object,4.0,0.5881789024159922,sub-15
r,FFA,photo,0.5,0.0008751495338288,sub-15
r,FFA,phy,4.0,1.287390358875156,sub-15
r,MT,belief,0.5,0.1093836376807844,sub-15
r,MT,body,4.0,3.158516126761101,sub-15
r,MT,com_ind,4.0,2.071455786768118,sub-15
r,MT,com_phy,4.0,2.9122682325865274,sub-15
r,MT,face_first,4.0,1.120169430745824,sub-15
r,MT,face_noncom,4.0,2.2188704891966693,sub-15
r,MT,face_third,4.0,1.6011552115439314,sub-15
r,MT,ind,4.0,1.7569423812885132,sub-15
r,MT,interact,1.5,2.4920020814725774,sub-15
r,MT,noninteract,1.5,2.5108579365180868,sub-15
r,MT,object,4.0,2.127298106626407,sub-15
r,MT,photo,0.5,0.0976307344824471,sub-15
r,MT,phy,4.0,3.0098528466726457,sub-15
r,SI-STS,belief,0.5,0.073602642982899,sub-15
r,SI-STS,body,1.5,0.5767052430395793,sub-15
r,SI-STS,com_ind,1.5,0.8269018961027856,sub-15
r,SI-STS,com_phy,1.5,0.8271629580039092,sub-15
r,SI-STS,face_first,1.5,0.4494781541482394,sub-15
r,SI-STS,face_noncom,1.5,0.6404629263848812,sub-15
r,SI-STS,face_third,1.5,0.8478222607476986,sub-15
r,SI-STS,ind,1.5,0.5391648719425477,sub-15
r,SI-STS,interact,1.5,0.5616730288586983,sub-15
r,SI-STS,noninteract,1.5,0.2781589112722614,sub-15
r,SI-STS,object,1.5,0.4428184101892013,sub-15
r,SI-STS,photo,0.5,-0.073360194871329,sub-15
r,SI-STS,phy,1.5,0.5298124013419527,sub-15
r,TPJ,belief,0.5,0.0808838991147789,sub-15
r,TPJ,body,0.5,-0.3718502837322486,sub-15
r,TPJ,com_ind,0.5,0.0160056889885562,sub-15
r,TPJ,com_phy,0.5,0.2131628588664583,sub-15
r,TPJ,face_first,0.5,-0.099285441061873,sub-15
r,TPJ,face_noncom,0.5,-0.2550330219552942,sub-15
r,TPJ,face_third,0.5,-0.2273421748489676,sub-15
r,TPJ,ind,0.5,0.0809463292217615,sub-15
r,TPJ,interact,0.5,0.2913441014534075,sub-15
r,TPJ,noninteract,0.5,0.1382582261311117,sub-15
r,TPJ,object,0.5,-0.2188172035319743,sub-15
r,TPJ,photo,0.5,-0.3322433536865926,sub-15
r,TPJ,phy,0.5,0.0229244862997105,sub-15
r,fSTS,belief,0.5,0.1295866675899922,sub-15
r,fSTS,body,4.0,0.3672753134749649,sub-15
r,fSTS,com_ind,4.0,0.5774781928559043,sub-15
r,fSTS,com_phy,4.0,0.7373797436047888,sub-15
r,fSTS,face_first,4.0,0.7853097288558757,sub-15
r,fSTS,face_noncom,4.0,0.6124198896335158,sub-15
r,fSTS,face_third,4.0,0.8985632093014225,sub-15
r,fSTS,ind,4.0,0.5302075616869426,sub-15
r,fSTS,interact,1.5,0.5411380374038952,sub-15
r,fSTS,noninteract,1.5,0.2921108180877869,sub-15
r,fSTS,object,4.0,0.3426260294841838,sub-15
r,fSTS,photo,0.5,0.0492511434031876,sub-15
r,fSTS,phy,4.0,0.5709354944242724,sub-15
l,EBA,belief,0.5,-0.1483931007786403,sub-16
l,EBA,body,4.0,0.9244812792390684,sub-16
l,EBA,com_ind,4.0,0.5982397938103436,sub-16
l,EBA,com_phy,4.0,0.914828887155288,sub-16
l,EBA,face_first,4.0,0.326057272868399,sub-16
l,EBA,face_noncom,4.0,0.313336800436844,sub-16
l,EBA,face_third,4.0,0.3117373534175958,sub-16
l,EBA,ind,4.0,0.4411717667291401,sub-16
l,EBA,interact,1.5,0.6894776466917673,sub-16
l,EBA,noninteract,1.5,0.8734403173932371,sub-16
l,EBA,object,4.0,0.4384015015033795,sub-16
l,EBA,photo,0.5,-0.1114796526233071,sub-16
l,EBA,phy,4.0,0.9229848961200078,sub-16
l,EVC,belief,0.5,2.2013301319292555,sub-16
l,EVC,body,4.0,3.224921533670664,sub-16
l,EVC,com_ind,4.0,3.879367215454241,sub-16
l,EVC,com_phy,4.0,3.809721997806176,sub-16
l,EVC,face_first,4.0,3.553038303733183,sub-16
l,EVC,face_noncom,4.0,3.0791970379506632,sub-16
l,EVC,face_third,4.0,3.3074827490080394,sub-16
l,EVC,ind,4.0,3.455384709550586,sub-16
l,EVC,interact,1.5,1.4913887120489788,sub-16
l,EVC,noninteract,1.5,2.2101332144854857,sub-16
l,EVC,object,4.0,3.175438856186082,sub-16
l,EVC,photo,0.5,2.2748438156924493,sub-16
l,EVC,phy,4.0,3.5971217239207145,sub-16
l,FFA,belief,0.5,1.222122504639085,sub-16
l,FFA,body,4.0,0.3841386530190874,sub-16
l,FFA,com_ind,4.0,0.383232531819311,sub-16
l,FFA,com_phy,4.0,0.5455489001621044,sub-16
l,FFA,face_first,4.0,0.8727777429390886,sub-16
l,FFA,face_noncom,4.0,0.4798349617723036,sub-16
l,FFA,face_third,4.0,0.7447621374702375,sub-16
l,FFA,ind,4.0,0.4855940433280253,sub-16
l,FFA,interact,1.5,-0.0244623468115813,sub-16
l,FFA,noninteract,1.5,0.1713181810150337,sub-16
l,FFA,object,4.0,0.3075158627660027,sub-16
l,FFA,photo,0.5,1.0440098922105974,sub-16
l,FFA,phy,4.0,0.4662483303910094,sub-16
l,MT,belief,0.5,1.1007244730513253,sub-16
l,MT,body,4.0,1.9518475470726395,sub-16
l,MT,com_ind,4.0,1.6901602609212982,sub-16
l,MT,com_phy,4.0,2.123140838395853,sub-16
l,MT,face_first,4.0,1.5050448313238622,sub-16
l,MT,face_noncom,4.0,1.4282147249605104,sub-16
l,MT,face_third,4.0,1.400981325538622,sub-16
l,MT,ind,4.0,1.2649024907277868,sub-16
l,MT,interact,1.5,1.5690681235181747,sub-16
l,MT,noninteract,1.5,1.9428027376450647,sub-16
l,MT,object,4.0,1.6765574467155122,sub-16
l,MT,photo,0.5,1.175173739900419,sub-16
l,MT,phy,4.0,2.077547329696696,sub-16
l,SI-STS,belief,0.5,0.4789790498641175,sub-16
l,SI-STS,body,1.5,-0.1132411204304721,sub-16
l,SI-STS,com_ind,1.5,-0.0561575739400593,sub-16
l,SI-STS,com_phy,1.5,-0.0269970081592935,sub-16
l,SI-STS,face_first,1.5,-0.0501100199354188,sub-16
l,SI-STS,face_noncom,1.5,-0.1628982578883154,sub-16
l,SI-STS,face_third,1.5,0.0700633059992035,sub-16
l,SI-STS,ind,1.5,0.0286884061067967,sub-16
l,SI-STS,interact,1.5,-0.0247396736333092,sub-16
l,SI-STS,noninteract,1.5,-0.0466985553656658,sub-16
l,SI-STS,object,1.5,-0.2917380459548048,sub-16
l,SI-STS,photo,0.5,0.3198162270941096,sub-16
l,SI-STS,phy,1.5,-0.0397631130124112,sub-16
l,TPJ,belief,0.5,0.7595124355076964,sub-16
l,TPJ,body,0.5,0.1309785854871222,sub-16
l,TPJ,com_ind,0.5,0.0626710115310841,sub-16
l,TPJ,com_phy,0.5,0.012922923640331,sub-16
l,TPJ,face_first,0.5,-0.0442373945318851,sub-16
l,TPJ,face_noncom,0.5,0.0402185630729364,sub-16
l,TPJ,face_third,0.5,0.0720217240525006,sub-16
l,TPJ,ind,0.5,0.0185009404932307,sub-16
l,TPJ,interact,0.5,0.0318444058957617,sub-16
l,TPJ,noninteract,0.5,0.0832282383222928,sub-16
l,TPJ,object,0.5,-0.2708625708780081,sub-16
l,TPJ,photo,0.5,0.5426531269825702,sub-16
l,TPJ,phy,0.5,-0.0961544109877048,sub-16
l,fSTS,belief,0.5,0.5764452252743456,sub-16
l,fSTS,body,4.0,-0.1308580330200071,sub-16
l,fSTS,com_ind,4.0,-0.0589602685781815,sub-16
l,fSTS,com_phy,4.0,0.0464936675691138,sub-16
l,fSTS,face_first,4.0,0.1391190155131006,sub-16
l,fSTS,face_noncom,4.0,-0.0360976785755087,sub-16
l,fSTS,face_third,4.0,0.0746953213734092,sub-16
l,fSTS,ind,4.0,0.0054068913481868,sub-16
l,fSTS,interact,1.5,-0.0885309757817282,sub-16
l,fSTS,noninteract,1.5,-0.0490987711475023,sub-16
l,fSTS,object,4.0,0.0178666345094925,sub-16
l,fSTS,photo,0.5,0.5043163128619792,sub-16
l,fSTS,phy,4.0,-0.0679702630786669,sub-16
r,EBA,belief,0.5,-0.6217708159541593,sub-16
r,EBA,body,4.0,1.433549870151538,sub-16
r,EBA,com_ind,4.0,1.1579090098032176,sub-16
r,EBA,com_phy,4.0,1.679562110211611,sub-16
r,EBA,face_first,4.0,0.63079613888997,sub-16
r,EBA,face_noncom,4.0,0.9968984746973232,sub-16
r,EBA,face_third,4.0,0.8399100924496167,sub-16
r,EBA,ind,4.0,0.8076171459032451,sub-16
r,EBA,interact,1.5,1.253440391417762,sub-16
r,EBA,noninteract,1.5,1.1184497331702312,sub-16
r,EBA,object,4.0,0.4832144494440387,sub-16
r,EBA,photo,0.5,-0.5030974383605551,sub-16
r,EBA,phy,4.0,1.2117393722568293,sub-16
r,EVC,belief,0.5,1.0628772924672858,sub-16
r,EVC,body,4.0,1.7866351506052995,sub-16
r,EVC,com_ind,4.0,2.294672566518891,sub-16
r,EVC,com_phy,4.0,2.355965938987292,sub-16
r,EVC,face_first,4.0,2.260890880267304,sub-16
r,EVC,face_noncom,4.0,1.941026953849705,sub-16
r,EVC,face_third,4.0,2.003349177246003,sub-16
r,EVC,ind,4.0,2.137386887805639,sub-16
r,EVC,interact,1.5,0.9525946999099132,sub-16
r,EVC,noninteract,1.5,1.333792058625391,sub-16
r,EVC,object,4.0,2.1517306568036,sub-16
r,EVC,photo,0.5,1.106505768157778,sub-16
r,EVC,phy,4.0,2.114613301680675,sub-16
r,FFA,belief,0.5,0.2537568618144448,sub-16
r,FFA,body,4.0,0.7082205761629305,sub-16
r,FFA,com_ind,4.0,1.2328414976257571,sub-16
r,FFA,com_phy,4.0,1.3137255727658836,sub-16
r,FFA,face_first,4.0,1.6580974699487574,sub-16
r,FFA,face_noncom,4.0,1.3319249123245815,sub-16
r,FFA,face_third,4.0,1.6308888885114077,sub-16
r,FFA,ind,4.0,1.0966234788067402,sub-16
r,FFA,interact,1.5,0.4850396998130278,sub-16
r,FFA,noninteract,1.5,0.5348339423338041,sub-16
r,FFA,object,4.0,0.3709719947502877,sub-16
r,FFA,photo,0.5,0.1422824194474766,sub-16
r,FFA,phy,4.0,0.9646719767052688,sub-16
r,MT,belief,0.5,-0.5554584977684733,sub-16
r,MT,body,4.0,2.245804483366532,sub-16
r,MT,com_ind,4.0,2.2078064428235,sub-16
r,MT,com_phy,4.0,2.687370208346457,sub-16
r,MT,face_first,4.0,1.6385046150806917,sub-16
r,MT,face_noncom,4.0,1.7748761127649468,sub-16
r,MT,face_third,4.0,1.6740395570072424,sub-16
r,MT,ind,4.0,1.7644858411510038,sub-16
r,MT,interact,1.5,1.932525996638782,sub-16
r,MT,noninteract,1.5,1.96184204340247,sub-16
r,MT,object,4.0,1.523721973228231,sub-16
r,MT,photo,0.5,-0.3348721935189236,sub-16
r,MT,phy,4.0,2.563592687789156,sub-16
r,SI-STS,belief,0.5,0.4417883451928911,sub-16
r,SI-STS,body,1.5,0.3537240085917936,sub-16
r,SI-STS,com_ind,1.5,0.5648031093133146,sub-16
r,SI-STS,com_phy,1.5,0.6874688011469734,sub-16
r,SI-STS,face_first,1.5,0.714342363201709,sub-16
r,SI-STS,face_noncom,1.5,0.2493716474059892,sub-16
r,SI-STS,face_third,1.5,0.5944951632699972,sub-16
r,SI-STS,ind,1.5,0.4374211265038882,sub-16
r,SI-STS,interact,1.5,0.77020448639237,sub-16
r,SI-STS,noninteract,1.5,0.5210780055225142,sub-16
r,SI-STS,object,1.5,0.2937400977884356,sub-16
r,SI-STS,photo,0.5,0.141905074883706,sub-16
r,SI-STS,phy,1.5,0.3546769650417903,sub-16
r,TPJ,belief,0.5,0.8478311585871793,sub-16
r,TPJ,body,0.5,0.2873015029105709,sub-16
r,TPJ,com_ind,0.5,0.1706317709055468,sub-16
r,TPJ,com_phy,0.5,0.2587087284092028,sub-16
r,TPJ,face_first,0.5,0.2940214046091352,sub-16
r,TPJ,face_noncom,0.5,0.0750272503034251,sub-16
r,TPJ,face_third,0.5,0.3623191703038516,sub-16
r,TPJ,ind,0.5,0.2323202074546347,sub-16
r,TPJ,interact,0.5,0.1262108658975623,sub-16
r,TPJ,noninteract,0.5,0.1425501416714804,sub-16
r,TPJ,object,0.5,-0.1845639644106899,sub-16
r,TPJ,photo,0.5,0.3706254092668399,sub-16
r,TPJ,phy,0.5,0.0380777156659229,sub-16
r,fSTS,belief,0.5,0.7645975548748309,sub-16
r,fSTS,body,4.0,-0.0147142570687241,sub-16
r,fSTS,com_ind,4.0,-0.0133721479170962,sub-16
r,fSTS,com_phy,4.0,0.0390394661306234,sub-16
r,fSTS,face_first,4.0,0.2024174177506542,sub-16
r,fSTS,face_noncom,4.0,-0.024663243461468,sub-16
r,fSTS,face_third,4.0,0.2376146851993528,sub-16
r,fSTS,ind,4.0,-0.0458462610860713,sub-16
r,fSTS,interact,1.5,0.1026163187156234,sub-16
r,fSTS,noninteract,1.5,0.0184650935961261,sub-16
r,fSTS,object,4.0,0.0035029598360582,sub-16
r,fSTS,photo,0.5,0.4230550280352575,sub-16
r,fSTS,phy,4.0,-0.1144340848095504,sub-16
l,EBA,belief,0.5,0.1336547124102922,sub-18
l,EBA,body,4.0,0.9994751698926072,sub-18
l,EBA,com_ind,4.0,0.9693486357940538,sub-18
l,EBA,com_phy,4.0,1.144369797691085,sub-18
l,EBA,face_first,4.0,0.4048328932083472,sub-18
l,EBA,face_noncom,4.0,0.8509460180943714,sub-18
l,EBA,face_third,4.0,0.6228984367263782,sub-18
l,EBA,ind,4.0,0.8554748577711762,sub-18
l,EBA,interact,1.5,0.8760484227177701,sub-18
l,EBA,noninteract,1.5,0.8225586517438442,sub-18
l,EBA,object,4.0,0.5762482228933228,sub-18
l,EBA,photo,0.5,0.0991100575058602,sub-18
l,EBA,phy,4.0,1.2173511796210652,sub-18
l,EVC,belief,0.5,1.3538675207625268,sub-18
l,EVC,body,4.0,2.2456800806773503,sub-18
l,EVC,com_ind,4.0,2.418718220012368,sub-18
l,EVC,com_phy,4.0,2.36778921608095,sub-18
l,EVC,face_first,4.0,2.104007499880873,sub-18
l,EVC,face_noncom,4.0,2.214044363083985,sub-18
l,EVC,face_third,4.0,2.2021944059384144,sub-18
l,EVC,ind,4.0,2.358234681626136,sub-18
l,EVC,interact,1.5,0.9624468781998912,sub-18
l,EVC,noninteract,1.5,1.0853339860845743,sub-18
l,EVC,object,4.0,2.042112586809913,sub-18
l,EVC,photo,0.5,1.375279923651283,sub-18
l,EVC,phy,4.0,2.4317174957575407,sub-18
l,FFA,belief,0.5,0.7673952056825941,sub-18
l,FFA,body,4.0,0.4475489363860834,sub-18
l,FFA,com_ind,4.0,0.593148453768095,sub-18
l,FFA,com_phy,4.0,0.8070711925545537,sub-18
l,FFA,face_first,4.0,0.7410763838124469,sub-18
l,FFA,face_noncom,4.0,0.7985947190067337,sub-18
l,FFA,face_third,4.0,0.7167973434973166,sub-18
l,FFA,ind,4.0,0.6919226680422473,sub-18
l,FFA,interact,1.5,0.2371358399335457,sub-18
l,FFA,noninteract,1.5,0.1558139305604315,sub-18
l,FFA,object,4.0,0.3974938422480563,sub-18
l,FFA,photo,0.5,0.776758241392274,sub-18
l,FFA,phy,4.0,0.782342371333427,sub-18
l,MT,belief,0.5,0.5298315777446303,sub-18
l,MT,body,4.0,2.6703171566766524,sub-18
l,MT,com_ind,4.0,2.126433801300226,sub-18
l,MT,com_phy,4.0,2.536707669684795,sub-18
l,MT,face_first,4.0,1.4317235604710004,sub-18
l,MT,face_noncom,4.0,2.195760483146895,sub-18
l,MT,face_third,4.0,1.7444287743945648,sub-18
l,MT,ind,4.0,1.831090119983984,sub-18
l,MT,interact,1.5,2.291263533115508,sub-18
l,MT,noninteract,1.5,2.5428725152056844,sub-18
l,MT,object,4.0,2.2900051715271106,sub-18
l,MT,photo,0.5,0.533891023671752,sub-18
l,MT,phy,4.0,2.726546844225337,sub-18
l,SI-STS,belief,0.5,1.0773983895860368,sub-18
l,SI-STS,body,1.5,0.2235826452939748,sub-18
l,SI-STS,com_ind,1.5,0.3621842093507943,sub-18
l,SI-STS,com_phy,1.5,0.6764914213262762,sub-18
l,SI-STS,face_first,1.5,0.2392652479039274,sub-18
l,SI-STS,face_noncom,1.5,0.1644015072398645,sub-18
l,SI-STS,face_third,1.5,0.2846247280992269,sub-18
l,SI-STS,ind,1.5,0.0840936600588085,sub-18
l,SI-STS,interact,1.5,0.3364913121040749,sub-18
l,SI-STS,noninteract,1.5,0.1205030485315841,sub-18
l,SI-STS,object,1.5,0.0396720469946027,sub-18
l,SI-STS,photo,0.5,0.8796166116757808,sub-18
l,SI-STS,phy,1.5,0.488106467295807,sub-18
l,TPJ,belief,0.5,0.6364525419073689,sub-18
l,TPJ,body,0.5,0.2078248011417461,sub-18
l,TPJ,com_ind,0.5,0.1809055831466054,sub-18
l,TPJ,com_phy,0.5,0.3473851972650779,sub-18
l,TPJ,face_first,0.5,0.0950658818742955,sub-18
l,TPJ,face_noncom,0.5,0.0648429294819482,sub-18
l,TPJ,face_third,0.5,0.0538159638340655,sub-18
l,TPJ,ind,0.5,-0.0695317540213815,sub-18
l,TPJ,interact,0.5,0.3963827476135271,sub-18
l,TPJ,noninteract,0.5,0.2393614428005711,sub-18
l,TPJ,object,0.5,-0.1537032039985712,sub-18
l,TPJ,photo,0.5,0.400970454384445,sub-18
l,TPJ,phy,0.5,0.2066951257479229,sub-18
l,fSTS,belief,0.5,1.4591879011158324,sub-18
l,fSTS,body,4.0,0.5804821545253047,sub-18
l,fSTS,com_ind,4.0,0.5926334663192212,sub-18
l,fSTS,com_phy,4.0,1.044167980649784,sub-18
l,fSTS,face_first,4.0,0.7483295441000479,sub-18
l,fSTS,face_noncom,4.0,0.7010605740015025,sub-18
l,fSTS,face_third,4.0,0.9102105056542464,sub-18
l,fSTS,ind,4.0,0.4478021463525858,sub-18
l,fSTS,interact,1.5,0.6769857550253258,sub-18
l,fSTS,noninteract,1.5,0.4655262016623667,sub-18
l,fSTS,object,4.0,0.3062692230967324,sub-18
l,fSTS,photo,0.5,1.1757712685306796,sub-18
l,fSTS,phy,4.0,0.8322601604941313,sub-18
r,EBA,belief,0.5,0.0217532922461694,sub-18
r,EBA,body,4.0,1.244904674576479,sub-18
r,EBA,com_ind,4.0,1.1675922460775574,sub-18
r,EBA,com_phy,4.0,1.4049945021044958,sub-18
r,EBA,face_first,4.0,0.733727128347069,sub-18
r,EBA,face_noncom,4.0,1.190440192508446,sub-18
r,EBA,face_third,4.0,0.8889148117196726,sub-18
r,EBA,ind,4.0,1.0367431062759231,sub-18
r,EBA,interact,1.5,1.2326024888159235,sub-18
r,EBA,noninteract,1.5,0.9887890160727428,sub-18
r,EBA,object,4.0,0.7723450288975436,sub-18
r,EBA,photo,0.5,-0.0733370084970211,sub-18
r,EBA,phy,4.0,1.412426215968607,sub-18
r,EVC,belief,0.5,1.6624757289456469,sub-18
r,EVC,body,4.0,2.046538933378962,sub-18
r,EVC,com_ind,4.0,2.4480677376126603,sub-18
r,EVC,com_phy,4.0,2.4158210757038625,sub-18
r,EVC,face_first,4.0,2.11938134444846,sub-18
r,EVC,face_noncom,4.0,2.0005075139204385,sub-18
r,EVC,face_third,4.0,2.143149521231716,sub-18
r,EVC,ind,4.0,2.338500398787893,sub-18
r,EVC,interact,1.5,1.1755575858671663,sub-18
r,EVC,noninteract,1.5,1.1986625925710126,sub-18
r,EVC,object,4.0,2.2989762109913108,sub-18
r,EVC,photo,0.5,1.7183047134920797,sub-18
r,EVC,phy,4.0,2.354014552838469,sub-18
r,FFA,belief,0.5,0.5572713073739665,sub-18
r,FFA,body,4.0,0.7245542252013712,sub-18
r,FFA,com_ind,4.0,1.1805381828260828,sub-18
r,FFA,com_phy,4.0,1.3068525107865063,sub-18
r,FFA,face_first,4.0,1.4592962142327144,sub-18
r,FFA,face_noncom,4.0,1.5021398336934877,sub-18
r,FFA,face_third,4.0,1.3668722786636007,sub-18
r,FFA,ind,4.0,1.316367276814428,sub-18
r,FFA,interact,1.5,0.3293752527572152,sub-18
r,FFA,noninteract,1.5,0.2019992568357633,sub-18
r,FFA,object,4.0,0.5466639880298496,sub-18
r,FFA,photo,0.5,0.6148505831145228,sub-18
r,FFA,phy,4.0,1.188920254727536,sub-18
r,MT,belief,0.5,0.2290425091401993,sub-18
r,MT,body,4.0,3.062237763769488,sub-18
r,MT,com_ind,4.0,2.7769494433845874,sub-18
r,MT,com_phy,4.0,3.0354221564364345,sub-18
r,MT,face_first,4.0,2.185618452348556,sub-18
r,MT,face_noncom,4.0,2.878730394171374,sub-18
r,MT,face_third,4.0,2.2767344042316733,sub-18
r,MT,ind,4.0,2.6119660726014406,sub-18
r,MT,interact,1.5,2.954755383023484,sub-18
r,MT,noninteract,1.5,3.041085692345153,sub-18
r,MT,object,4.0,2.886814074657305,sub-18
r,MT,photo,0.5,0.3697536971487869,sub-18
r,MT,phy,4.0,3.1453434109800176,sub-18
r,SI-STS,belief,0.5,0.9487572517589477,sub-18
r,SI-STS,body,1.5,0.5177818751446797,sub-18
r,SI-STS,com_ind,1.5,1.2977514681022162,sub-18
r,SI-STS,com_phy,1.5,1.3691452144401637,sub-18
r,SI-STS,face_first,1.5,1.165643909428606,sub-18
r,SI-STS,face_noncom,1.5,0.4526487846313413,sub-18
r,SI-STS,face_third,1.5,0.9575468239593335,sub-18
r,SI-STS,ind,1.5,0.6171408738430694,sub-18
r,SI-STS,interact,1.5,0.7764485988720559,sub-18
r,SI-STS,noninteract,1.5,0.1758488196353357,sub-18
r,SI-STS,object,1.5,0.5354586718838228,sub-18
r,SI-STS,photo,0.5,0.42998449644108,sub-18
r,SI-STS,phy,1.5,1.2348958963769243,sub-18
r,TPJ,belief,0.5,0.7983536842525455,sub-18
r,TPJ,body,0.5,0.3856169296028471,sub-18
r,TPJ,com_ind,0.5,0.4351919346374812,sub-18
r,TPJ,com_phy,0.5,0.5385516737809887,sub-18
r,TPJ,face_first,0.5,0.4042894133296515,sub-18
r,TPJ,face_noncom,0.5,0.1554448122286563,sub-18
r,TPJ,face_third,0.5,0.1598980026153752,sub-18
r,TPJ,ind,0.5,0.3643841892324793,sub-18
r,TPJ,interact,0.5,0.7303640489299074,sub-18
r,TPJ,noninteract,0.5,0.0909005124919541,sub-18
r,TPJ,object,0.5,0.0527508270093419,sub-18
r,TPJ,photo,0.5,0.2849387931001058,sub-18
r,TPJ,phy,0.5,0.7909169898987176,sub-18
r,fSTS,belief,0.5,0.5464037170783079,sub-18
r,fSTS,body,4.0,0.0723575223755173,sub-18
r,fSTS,com_ind,4.0,0.4445459090016323,sub-18
r,fSTS,com_phy,4.0,0.6368416803617445,sub-18
r,fSTS,face_first,4.0,0.4840598778903149,sub-18
r,fSTS,face_noncom,4.0,0.1800990194534094,sub-18
r,fSTS,face_third,4.0,0.528211641815505,sub-18
r,fSTS,ind,4.0,0.1553965041894546,sub-18
r,fSTS,interact,1.5,0.4152246668225471,sub-18
r,fSTS,noninteract,1.5,0.068572215425642,sub-18
r,fSTS,object,4.0,0.0841185145709164,sub-18
r,fSTS,photo,0.5,0.3036692051984596,sub-18
r,fSTS,phy,4.0,0.2882766421560868,sub-18
l,EBA,belief,0.5,0.1572861661823512,sub-19
l,EBA,body,4.0,1.6974572590153554,sub-19
l,EBA,com_ind,4.0,1.4029952806640442,sub-19
l,EBA,com_phy,4.0,1.669172461259196,sub-19
l,EBA,face_first,4.0,0.8356549022000629,sub-19
l,EBA,face_noncom,4.0,1.2769031341649832,sub-19
l,EBA,face_third,4.0,1.136293529770279,sub-19
l,EBA,ind,4.0,1.06730763461753,sub-19
l,EBA,interact,1.5,1.710636069498108,sub-19
l,EBA,noninteract,1.5,1.7686296790889529,sub-19
l,EBA,object,4.0,0.8394513565027267,sub-19
l,EBA,photo,0.5,-0.0533345084462651,sub-19
l,EBA,phy,4.0,1.917257804045852,sub-19
l,EVC,belief,0.5,2.0601544050401595,sub-19
l,EVC,body,4.0,3.5602881093573844,sub-19
l,EVC,com_ind,4.0,3.842160791730933,sub-19
l,EVC,com_phy,4.0,3.6922222161675537,sub-19
l,EVC,face_first,4.0,3.332339508098696,sub-19
l,EVC,face_noncom,4.0,3.656686978791892,sub-19
l,EVC,face_third,4.0,3.765351027313005,sub-19
l,EVC,ind,4.0,3.723719258545213,sub-19
l,EVC,interact,1.5,1.1063732657011665,sub-19
l,EVC,noninteract,1.5,1.6650788264230842,sub-19
l,EVC,object,4.0,3.071186654923145,sub-19
l,EVC,photo,0.5,1.782123496392952,sub-19
l,EVC,phy,4.0,3.5929898118714165,sub-19
l,FFA,belief,0.5,0.3433641899064762,sub-19
l,FFA,body,4.0,0.7763454284252267,sub-19
l,FFA,com_ind,4.0,1.4556143035663365,sub-19
l,FFA,com_phy,4.0,1.4209128946528695,sub-19
l,FFA,face_first,4.0,1.4503212086966786,sub-19
l,FFA,face_noncom,4.0,1.40932950520418,sub-19
l,FFA,face_third,4.0,1.521616923514116,sub-19
l,FFA,ind,4.0,1.2040695135520867,sub-19
l,FFA,interact,1.5,0.6282504814046732,sub-19
l,FFA,noninteract,1.5,0.5678470171825177,sub-19
l,FFA,object,4.0,0.283577920230554,sub-19
l,FFA,photo,0.5,0.2109856477588809,sub-19
l,FFA,phy,4.0,1.295224381296374,sub-19
l,MT,belief,0.5,0.5027184530869575,sub-19
l,MT,body,4.0,2.8967824832618905,sub-19
l,MT,com_ind,4.0,1.9742706876256944,sub-19
l,MT,com_phy,4.0,2.593388512930045,sub-19
l,MT,face_first,4.0,1.5831399414868512,sub-19
l,MT,face_noncom,4.0,2.1083093329086684,sub-19
l,MT,face_third,4.0,1.942338469221328,sub-19
l,MT,ind,4.0,1.6560825900287617,sub-19
l,MT,interact,1.5,2.6342222292475466,sub-19
l,MT,noninteract,1.5,2.7603887397223854,sub-19
l,MT,object,4.0,2.218673041147195,sub-19
l,MT,photo,0.5,0.4208475840710409,sub-19
l,MT,phy,4.0,2.898963584698973,sub-19
l,SI-STS,belief,0.5,0.7520988069804209,sub-19
l,SI-STS,body,1.5,0.5398298195138103,sub-19
l,SI-STS,com_ind,1.5,0.7543159285589082,sub-19
l,SI-STS,com_phy,1.5,0.9006494634497528,sub-19
l,SI-STS,face_first,1.5,1.0209877505384657,sub-19
l,SI-STS,face_noncom,1.5,0.3968092617936821,sub-19
l,SI-STS,face_third,1.5,1.055315047582369,sub-19
l,SI-STS,ind,1.5,0.5009616637646982,sub-19
l,SI-STS,interact,1.5,1.1522215058779417,sub-19
l,SI-STS,noninteract,1.5,0.703389650938009,sub-19
l,SI-STS,object,1.5,0.4322127218286897,sub-19
l,SI-STS,photo,0.5,0.4949665400153339,sub-19
l,SI-STS,phy,1.5,0.7372758108393136,sub-19
l,TPJ,belief,0.5,0.4755958074304645,sub-19
l,TPJ,body,0.5,-0.0518981995315146,sub-19
l,TPJ,com_ind,0.5,0.0286973042506756,sub-19
l,TPJ,com_phy,0.5,0.2350548068360774,sub-19
l,TPJ,face_first,0.5,0.2650302891367321,sub-19
l,TPJ,face_noncom,0.5,0.1916401336535983,sub-19
l,TPJ,face_third,0.5,0.1823376820751774,sub-19
l,TPJ,ind,0.5,0.2675491081398555,sub-19
l,TPJ,interact,0.5,0.0054470603466645,sub-19
l,TPJ,noninteract,0.5,-0.0110161863227951,sub-19
l,TPJ,object,0.5,0.1210704937105814,sub-19
l,TPJ,photo,0.5,-0.0544621737973256,sub-19
l,TPJ,phy,0.5,0.2421152321282805,sub-19
l,fSTS,belief,0.5,0.555798677973783,sub-19
l,fSTS,body,4.0,0.7537314566485612,sub-19
l,fSTS,com_ind,4.0,1.0336538738201506,sub-19
l,fSTS,com_phy,4.0,1.1724960957707222,sub-19
l,fSTS,face_first,4.0,1.4449251361136173,sub-19
l,fSTS,face_noncom,4.0,0.8655433851125793,sub-19
l,fSTS,face_third,4.0,1.5299969265003288,sub-19
l,fSTS,ind,4.0,0.6726715175548307,sub-19
l,fSTS,interact,1.5,1.4105743763213423,sub-19
l,fSTS,noninteract,1.5,0.9272898673475698,sub-19
l,fSTS,object,4.0,0.2491841661218216,sub-19
l,fSTS,photo,0.5,0.4227216058400757,sub-19
l,fSTS,phy,4.0,0.9067832303317492,sub-19
r,EBA,belief,0.5,0.0181386000048917,sub-19
r,EBA,body,4.0,1.4055142508876832,sub-19
r,EBA,com_ind,4.0,1.9759546303586408,sub-19
r,EBA,com_phy,4.0,2.101000148347291,sub-19
r,EBA,face_first,4.0,1.2488111814326623,sub-19
r,EBA,face_noncom,4.0,1.3113631326555837,sub-19
r,EBA,face_third,4.0,1.5497336305127791,sub-19
r,EBA,ind,4.0,1.5654965241822625,sub-19
r,EBA,interact,1.5,2.0024783182385155,sub-19
r,EBA,noninteract,1.5,1.499082353014436,sub-19
r,EBA,object,4.0,0.495699440295907,sub-19
r,EBA,photo,0.5,-0.0448760067054449,sub-19
r,EBA,phy,4.0,1.9593152026764524,sub-19
r,EVC,belief,0.5,1.456730328728281,sub-19
r,EVC,body,4.0,2.3388433490286227,sub-19
r,EVC,com_ind,4.0,2.678556247656241,sub-19
r,EVC,com_phy,4.0,2.6184814937002794,sub-19
r,EVC,face_first,4.0,2.377728258153385,sub-19
r,EVC,face_noncom,4.0,2.415322022974957,sub-19
r,EVC,face_third,4.0,2.5610670743821484,sub-19
r,EVC,ind,4.0,2.73344884132405,sub-19
r,EVC,interact,1.5,0.8228425678407866,sub-19
r,EVC,noninteract,1.5,1.2800933378388106,sub-19
r,EVC,object,4.0,2.5344732370472096,sub-19
r,EVC,photo,0.5,1.2240430779596316,sub-19
r,EVC,phy,4.0,2.480367582958535,sub-19
r,FFA,belief,0.5,0.4419346023426148,sub-19
r,FFA,body,4.0,0.7353383111284297,sub-19
r,FFA,com_ind,4.0,1.5360154062360811,sub-19
r,FFA,com_phy,4.0,1.463455712960857,sub-19
r,FFA,face_first,4.0,1.489944823630323,sub-19
r,FFA,face_noncom,4.0,1.60912782045342,sub-19
r,FFA,face_third,4.0,1.656253937856239,sub-19
r,FFA,ind,4.0,1.452020818280266,sub-19
r,FFA,interact,1.5,0.5741563203792054,sub-19
r,FFA,noninteract,1.5,0.577382345899793,sub-19
r,FFA,object,4.0,0.2088084276559786,sub-19
r,FFA,photo,0.5,0.2455653478131789,sub-19
r,FFA,phy,4.0,1.4358760140323872,sub-19
r,MT,belief,0.5,0.4280908089534561,sub-19
r,MT,body,4.0,2.933371344267904,sub-19
r,MT,com_ind,4.0,2.6814177775149965,sub-19
r,MT,com_phy,4.0,3.031342495758521,sub-19
r,MT,face_first,4.0,2.2694886731295845,sub-19
r,MT,face_noncom,4.0,2.5721346808162755,sub-19
r,MT,face_third,4.0,2.570828529048231,sub-19
r,MT,ind,4.0,2.380339793975557,sub-19
r,MT,interact,1.5,2.7463840091141187,sub-19
r,MT,noninteract,1.5,2.7043422790577094,sub-19
r,MT,object,4.0,2.1706658183570675,sub-19
r,MT,photo,0.5,0.4120369582275547,sub-19
r,MT,phy,4.0,3.1689930966951234,sub-19
r,SI-STS,belief,0.5,0.3102109191943439,sub-19
r,SI-STS,body,1.5,0.4262217777874876,sub-19
r,SI-STS,com_ind,1.5,0.8145996415339583,sub-19
r,SI-STS,com_phy,1.5,0.9181263776130614,sub-19
r,SI-STS,face_first,1.5,0.9135242473098272,sub-19
r,SI-STS,face_noncom,1.5,0.3503299937924679,sub-19
r,SI-STS,face_third,1.5,0.939259998532474,sub-19
r,SI-STS,ind,1.5,0.4000551161341175,sub-19
r,SI-STS,interact,1.5,0.9880149028551178,sub-19
r,SI-STS,noninteract,1.5,0.3858679152165744,sub-19
r,SI-STS,object,1.5,0.2039807732652409,sub-19
r,SI-STS,photo,0.5,0.110139064460299,sub-19
r,SI-STS,phy,1.5,0.7005970070769858,sub-19
r,TPJ,belief,0.5,0.614408261199981,sub-19
r,TPJ,body,0.5,0.4150087379243257,sub-19
r,TPJ,com_ind,0.5,0.8043531033429014,sub-19
r,TPJ,com_phy,0.5,0.77515687057944,sub-19
r,TPJ,face_first,0.5,0.8981096090323434,sub-19
r,TPJ,face_noncom,0.5,0.7227159959438082,sub-19
r,TPJ,face_third,0.5,0.5977394105286198,sub-19
r,TPJ,ind,0.5,0.8185725788501603,sub-19
r,TPJ,interact,0.5,0.4989784044580043,sub-19
r,TPJ,noninteract,0.5,0.3364716942623278,sub-19
r,TPJ,object,0.5,-0.0529192185275529,sub-19
r,TPJ,photo,0.5,-0.1674839299038373,sub-19
r,TPJ,phy,0.5,1.2867956485656382,sub-19
r,fSTS,belief,0.5,0.3370004500663621,sub-19
r,fSTS,body,4.0,0.1948860126218111,sub-19
r,fSTS,com_ind,4.0,0.5726116252261663,sub-19
r,fSTS,com_phy,4.0,0.6338526040160175,sub-19
r,fSTS,face_first,4.0,1.041017503731762,sub-19
r,fSTS,face_noncom,4.0,0.2144939255034145,sub-19
r,fSTS,face_third,4.0,1.2652510998169093,sub-19
r,fSTS,ind,4.0,0.1628378510559918,sub-19
r,fSTS,interact,1.5,0.5440897185761161,sub-19
r,fSTS,noninteract,1.5,0.1619715114920855,sub-19
r,fSTS,object,4.0,-0.1935312698047985,sub-19
r,fSTS,photo,0.5,0.2684879251635713,sub-19
r,fSTS,phy,4.0,0.3250653680191626,sub-19
l,EBA,body,4.0,1.1133482149188754,sub-20
l,EBA,com_ind,4.0,0.752707912275663,sub-20
l,EBA,com_phy,4.0,1.1024844632084043,sub-20
l,EBA,face_first,4.0,0.3745606528113748,sub-20
l,EBA,face_noncom,4.0,0.6771354177959344,sub-20
l,EBA,face_third,4.0,0.3642593375289032,sub-20
l,EBA,ind,4.0,0.5155699157958487,sub-20
l,EBA,interact,1.5,0.846701823551061,sub-20
l,EBA,noninteract,1.5,1.0364937128850316,sub-20
l,EBA,object,4.0,0.5296570963488063,sub-20
l,EBA,phy,4.0,1.451800390220109,sub-20
l,EVC,body,4.0,3.0206000022959985,sub-20
l,EVC,com_ind,4.0,3.118426842959636,sub-20
l,EVC,com_phy,4.0,2.832158050220898,sub-20
l,EVC,face_first,4.0,3.065911376919729,sub-20
l,EVC,face_noncom,4.0,3.1245086195749763,sub-20
l,EVC,face_third,4.0,2.8518237991428617,sub-20
l,EVC,ind,4.0,2.67694695157218,sub-20
l,EVC,interact,1.5,0.6975039309372633,sub-20
l,EVC,noninteract,1.5,1.036385796934007,sub-20
l,EVC,object,4.0,3.0531660014407205,sub-20
l,EVC,phy,4.0,3.232499938406693,sub-20
l,FFA,body,4.0,0.2886490974203313,sub-20
l,FFA,com_ind,4.0,0.8410704346686524,sub-20
l,FFA,com_phy,4.0,0.8039002209117241,sub-20
l,FFA,face_first,4.0,1.323508108823813,sub-20
l,FFA,face_noncom,4.0,1.0759024410964992,sub-20
l,FFA,face_third,4.0,0.9666056302323912,sub-20
l,FFA,ind,4.0,0.6426692225185209,sub-20
l,FFA,interact,1.5,-0.1335861126628409,sub-20
l,FFA,noninteract,1.5,-0.0657666065035324,sub-20
l,FFA,object,4.0,0.4556923322937135,sub-20
l,FFA,phy,4.0,0.7613346509049383,sub-20
l,MT,body,4.0,2.079799278978788,sub-20
l,MT,com_ind,4.0,1.877917741405737,sub-20
l,MT,com_phy,4.0,2.2146431137387173,sub-20
l,MT,face_first,4.0,1.5203029965786574,sub-20
l,MT,face_noncom,4.0,1.948863694916916,sub-20
l,MT,face_third,4.0,1.4110588100322228,sub-20
l,MT,ind,4.0,1.4965406568480004,sub-20
l,MT,interact,1.5,1.61133570173547,sub-20
l,MT,noninteract,1.5,1.9305325144456005,sub-20
l,MT,object,4.0,1.8068618463689392,sub-20
l,MT,phy,4.0,2.47261700229522,sub-20
l,SI-STS,body,1.5,-0.0907311737590501,sub-20
l,SI-STS,com_ind,1.5,0.2728610655168313,sub-20
l,SI-STS,com_phy,1.5,0.2692937102064321,sub-20
l,SI-STS,face_first,1.5,0.4992714081496498,sub-20
l,SI-STS,face_noncom,1.5,0.3733036450160423,sub-20
l,SI-STS,face_third,1.5,0.3176749645621459,sub-20
l,SI-STS,ind,1.5,-0.1066655970386663,sub-20
l,SI-STS,interact,1.5,0.1021344449363547,sub-20
l,SI-STS,noninteract,1.5,-0.050459626867078,sub-20
l,SI-STS,object,1.5,-0.0499782686705651,sub-20
l,SI-STS,phy,1.5,0.1074209076556927,sub-20
l,fSTS,body,4.0,0.0181211533001608,sub-20
l,fSTS,com_ind,4.0,0.0923510058636892,sub-20
l,fSTS,com_phy,4.0,0.1985600706271963,sub-20
l,fSTS,face_first,4.0,0.2607154804334569,sub-20
l,fSTS,face_noncom,4.0,0.1756773295129824,sub-20
l,fSTS,face_third,4.0,0.105309377638847,sub-20
l,fSTS,ind,4.0,0.0255456133753753,sub-20
l,fSTS,interact,1.5,0.1958684692687425,sub-20
l,fSTS,noninteract,1.5,0.1110175273070418,sub-20
l,fSTS,object,4.0,0.1201412249271178,sub-20
l,fSTS,phy,4.0,0.0562985372133631,sub-20
r,EBA,body,4.0,1.086926715463014,sub-20
r,EBA,com_ind,4.0,0.8304322660068592,sub-20
r,EBA,com_phy,4.0,1.219527097281607,sub-20
r,EBA,face_first,4.0,0.5959094720223348,sub-20
r,EBA,face_noncom,4.0,0.6527800504372883,sub-20
r,EBA,face_third,4.0,0.5716209940691231,sub-20
r,EBA,ind,4.0,0.6905448626538531,sub-20
r,EBA,interact,1.5,1.0790633137658352,sub-20
r,EBA,noninteract,1.5,1.1542384549029947,sub-20
r,EBA,object,4.0,0.6667971400147551,sub-20
r,EBA,phy,4.0,1.3067988955089933,sub-20
r,EVC,body,4.0,3.1548934466154974,sub-20
r,EVC,com_ind,4.0,3.200610937304481,sub-20
r,EVC,com_phy,4.0,3.322106124714923,sub-20
r,EVC,face_first,4.0,2.838981278947708,sub-20
r,EVC,face_noncom,4.0,3.029391118531794,sub-20
r,EVC,face_third,4.0,2.7195868107091,sub-20
r,EVC,ind,4.0,2.8901441989288337,sub-20
r,EVC,interact,1.5,0.989917547772146,sub-20
r,EVC,noninteract,1.5,1.1399828043465747,sub-20
r,EVC,object,4.0,3.865450330909271,sub-20
r,EVC,phy,4.0,3.665415505192304,sub-20
r,FFA,body,4.0,0.5353165188445764,sub-20
r,FFA,com_ind,4.0,1.0071518540225932,sub-20
r,FFA,com_phy,4.0,1.0702531267786173,sub-20
r,FFA,face_first,4.0,1.2783386360467173,sub-20
r,FFA,face_noncom,4.0,1.151218848681249,sub-20
r,FFA,face_third,4.0,0.9728668183784014,sub-20
r,FFA,ind,4.0,0.8098003062029517,sub-20
r,FFA,interact,1.5,0.2007411591063955,sub-20
r,FFA,noninteract,1.5,0.1650699613896858,sub-20
r,FFA,object,4.0,0.6232227296853617,sub-20
r,FFA,phy,4.0,1.104859838862264,sub-20
r,MT,body,4.0,2.6997617278411505,sub-20
r,MT,com_ind,4.0,2.263134014064186,sub-20
r,MT,com_phy,4.0,2.855770202946419,sub-20
r,MT,face_first,4.0,1.694516760640451,sub-20
r,MT,face_noncom,4.0,1.9875273393648587,sub-20
r,MT,face_third,4.0,1.761955658493856,sub-20
r,MT,ind,4.0,1.930668230322792,sub-20
r,MT,interact,1.5,2.5694720478521296,sub-20
r,MT,noninteract,1.5,2.8340054191040607,sub-20
r,MT,object,4.0,2.21743828271545,sub-20
r,MT,phy,4.0,3.0282036921342788,sub-20
r,SI-STS,body,1.5,0.4298238021715937,sub-20
r,SI-STS,com_ind,1.5,0.3612520653802646,sub-20
r,SI-STS,com_phy,1.5,0.3922061140078442,sub-20
r,SI-STS,face_first,1.5,1.039076211682885,sub-20
r,SI-STS,face_noncom,1.5,0.651302644189671,sub-20
r,SI-STS,face_third,1.5,0.4790883655731508,sub-20
r,SI-STS,ind,1.5,-0.0917728659113232,sub-20
r,SI-STS,interact,1.5,0.18886950105231,sub-20
r,SI-STS,noninteract,1.5,-0.1677450064770963,sub-20
r,SI-STS,object,1.5,0.107096862890109,sub-20
r,SI-STS,phy,1.5,0.4395068731649719,sub-20
r,fSTS,body,4.0,0.0466916685815674,sub-20
r,fSTS,com_ind,4.0,0.0741177296908184,sub-20
r,fSTS,com_phy,4.0,0.1553067859966159,sub-20
r,fSTS,face_first,4.0,0.3384396178937179,sub-20
r,fSTS,face_noncom,4.0,0.0825080926173272,sub-20
r,fSTS,face_third,4.0,0.2222985192169785,sub-20
r,fSTS,ind,4.0,0.0262399996287941,sub-20
r,fSTS,interact,1.5,0.0921169910355475,sub-20
r,fSTS,noninteract,1.5,-0.0333708211551632,sub-20
r,fSTS,object,4.0,0.0469639346740855,sub-20
r,fSTS,phy,4.0,0.0525976785385385,sub-20
l,EBA,body,4.0,1.1451766810066344,sub-21
l,EBA,com_ind,4.0,0.8230363097313149,sub-21
l,EBA,com_phy,4.0,1.1987682127225066,sub-21
l,EBA,face_first,4.0,0.2437803572352532,sub-21
l,EBA,face_noncom,4.0,0.7440464446150732,sub-21
l,EBA,face_third,4.0,0.4281730360310491,sub-21
l,EBA,ind,4.0,0.5125777925620162,sub-21
l,EBA,interact,1.5,0.4232879069054267,sub-21
l,EBA,noninteract,1.5,0.5702950489478446,sub-21
l,EBA,object,4.0,0.1748034065872228,sub-21
l,EBA,phy,4.0,1.3305615675535785,sub-21
l,EVC,body,4.0,2.5789151580340364,sub-21
l,EVC,com_ind,4.0,3.5436192852645045,sub-21
l,EVC,com_phy,4.0,3.8598978008654985,sub-21
l,EVC,face_first,4.0,3.586762923836848,sub-21
l,EVC,face_noncom,4.0,3.169494215291129,sub-21
l,EVC,face_third,4.0,3.654481361385314,sub-21
l,EVC,ind,4.0,3.4377392657923904,sub-21
l,EVC,interact,1.5,1.5509308977311849,sub-21
l,EVC,noninteract,1.5,2.1570222602307205,sub-21
l,EVC,object,4.0,2.668908927302451,sub-21
l,EVC,phy,4.0,3.631677756280916,sub-21
l,FFA,body,4.0,0.6363731357290802,sub-21
l,FFA,com_ind,4.0,1.1851789316312265,sub-21
l,FFA,com_phy,4.0,1.3498061338486254,sub-21
l,FFA,face_first,4.0,1.7969814563313105,sub-21
l,FFA,face_noncom,4.0,1.7061869583239553,sub-21
l,FFA,face_third,4.0,1.835332095763367,sub-21
l,FFA,ind,4.0,1.0019721327791635,sub-21
l,FFA,interact,1.5,-0.1418560325000814,sub-21
l,FFA,noninteract,1.5,-0.0328523906912551,sub-21
l,FFA,object,4.0,0.613959835394391,sub-21
l,FFA,phy,4.0,1.1135430036055751,sub-21
l,MT,body,4.0,2.393006803218248,sub-21
l,MT,com_ind,4.0,2.2416041504055992,sub-21
l,MT,com_phy,4.0,2.8290022249956297,sub-21
l,MT,face_first,4.0,2.2845459067395417,sub-21
l,MT,face_noncom,4.0,2.6374272665295786,sub-21
l,MT,face_third,4.0,2.3088437746323787,sub-21
l,MT,ind,4.0,2.010645424649572,sub-21
l,MT,interact,1.5,1.2536402743440274,sub-21
l,MT,noninteract,1.5,1.71751305468423,sub-21
l,MT,object,4.0,2.028682368358073,sub-21
l,MT,phy,4.0,2.797078049363752,sub-21
l,SI-STS,body,1.5,-0.2362542180689437,sub-21
l,SI-STS,com_ind,1.5,0.6164872679216941,sub-21
l,SI-STS,com_phy,1.5,0.2558576447656803,sub-21
l,SI-STS,face_first,1.5,-0.0683456036191355,sub-21
l,SI-STS,face_noncom,1.5,0.1089928733448204,sub-21
l,SI-STS,face_third,1.5,0.1970007645596622,sub-21
l,SI-STS,ind,1.5,0.0696242980215739,sub-21
l,SI-STS,interact,1.5,0.641311169644455,sub-21
l,SI-STS,noninteract,1.5,0.4065276448961077,sub-21
l,SI-STS,object,1.5,-0.1225438585929031,sub-21
l,SI-STS,phy,1.5,0.3506336212113574,sub-21
l,fSTS,body,4.0,0.1284912964115888,sub-21
l,fSTS,com_ind,4.0,0.0435330184459276,sub-21
l,fSTS,com_phy,4.0,0.1777402648411851,sub-21
l,fSTS,face_first,4.0,0.1159216745423555,sub-21
l,fSTS,face_noncom,4.0,0.1169966848959922,sub-21
l,fSTS,face_third,4.0,0.1103344448485072,sub-21
l,fSTS,ind,4.0,-0.0177046962346811,sub-21
l,fSTS,interact,1.5,0.1134493377927766,sub-21
l,fSTS,noninteract,1.5,0.2125362130645459,sub-21
l,fSTS,object,4.0,0.1190411793739278,sub-21
l,fSTS,phy,4.0,0.1952492656272636,sub-21
r,EBA,body,4.0,1.0513312339175047,sub-21
r,EBA,com_ind,4.0,0.8061361964329756,sub-21
r,EBA,com_phy,4.0,1.1147075302944376,sub-21
r,EBA,face_first,4.0,0.3598676360142987,sub-21
r,EBA,face_noncom,4.0,0.666328843894611,sub-21
r,EBA,face_third,4.0,0.4927355745535027,sub-21
r,EBA,ind,4.0,0.5531965623710599,sub-21
r,EBA,interact,1.5,0.5501319197463165,sub-21
r,EBA,noninteract,1.5,0.6462718992040309,sub-21
r,EBA,object,4.0,0.3046673231584723,sub-21
r,EBA,phy,4.0,1.1953648095306282,sub-21
r,EVC,body,4.0,1.8787866797739443,sub-21
r,EVC,com_ind,4.0,2.661618685279264,sub-21
r,EVC,com_phy,4.0,2.8534045832614843,sub-21
r,EVC,face_first,4.0,2.8266783530006814,sub-21
r,EVC,face_noncom,4.0,2.569028466895768,sub-21
r,EVC,face_third,4.0,2.9060148317560475,sub-21
r,EVC,ind,4.0,2.6205850921229232,sub-21
r,EVC,interact,1.5,1.0534244218322255,sub-21
r,EVC,noninteract,1.5,1.3955198065843335,sub-21
r,EVC,object,4.0,2.466589353609144,sub-21
r,EVC,phy,4.0,2.755885880497707,sub-21
r,FFA,body,4.0,0.6217359659439913,sub-21
r,FFA,com_ind,4.0,1.209925549678944,sub-21
r,FFA,com_phy,4.0,1.3959200755663563,sub-21
r,FFA,face_first,4.0,1.6390735168054904,sub-21
r,FFA,face_noncom,4.0,1.5842203139463875,sub-21
r,FFA,face_third,4.0,1.6754648820302167,sub-21
r,FFA,ind,4.0,0.9392210182223436,sub-21
r,FFA,interact,1.5,0.0194955281784518,sub-21
r,FFA,noninteract,1.5,0.1620959310367583,sub-21
r,FFA,object,4.0,0.4300708910133998,sub-21
r,FFA,phy,4.0,1.2312004044398706,sub-21
r,MT,body,4.0,2.133493310324128,sub-21
r,MT,com_ind,4.0,1.822949728527776,sub-21
r,MT,com_phy,4.0,2.375056809752014,sub-21
r,MT,face_first,4.0,1.7618420201015694,sub-21
r,MT,face_noncom,4.0,2.060417797186636,sub-21
r,MT,face_third,4.0,2.0431173353811936,sub-21
r,MT,ind,4.0,1.3723880872139806,sub-21
r,MT,interact,1.5,1.5156509618809073,sub-21
r,MT,noninteract,1.5,1.860868296408911,sub-21
r,MT,object,4.0,1.6008847607292969,sub-21
r,MT,phy,4.0,2.505016774565404,sub-21
r,SI-STS,body,1.5,0.356548951099419,sub-21
r,SI-STS,com_ind,1.5,0.7342177656934723,sub-21
r,SI-STS,com_phy,1.5,0.682794534124694,sub-21
r,SI-STS,face_first,1.5,0.5213765212667757,sub-21
r,SI-STS,face_noncom,1.5,0.5076667266930673,sub-21
r,SI-STS,face_third,1.5,0.8249086914594588,sub-21
r,SI-STS,ind,1.5,0.4545190410294015,sub-21
r,SI-STS,interact,1.5,0.8827401769881661,sub-21
r,SI-STS,noninteract,1.5,0.7186689567636967,sub-21
r,SI-STS,object,1.5,0.5262567979951781,sub-21
r,SI-STS,phy,1.5,0.925975801022068,sub-21
r,fSTS,body,4.0,0.2274241302850959,sub-21
r,fSTS,com_ind,4.0,0.205773253079545,sub-21
r,fSTS,com_phy,4.0,0.3299759984640741,sub-21
r,fSTS,face_first,4.0,0.4031803185314046,sub-21
r,fSTS,face_noncom,4.0,0.2716379736197764,sub-21
r,fSTS,face_third,4.0,0.4412297751826026,sub-21
r,fSTS,ind,4.0,0.1115538217544149,sub-21
r,fSTS,interact,1.5,0.3381265993732855,sub-21
r,fSTS,noninteract,1.5,0.3072960801552439,sub-21
r,fSTS,object,4.0,0.1330528980259729,sub-21
r,fSTS,phy,4.0,0.3568056777712269,sub-21
l,EBA,belief,0.5,-0.0706215148449946,sub-22
l,EBA,body,4.0,1.6713699702496558,sub-22
l,EBA,com_ind,4.0,1.007279335138073,sub-22
l,EBA,com_phy,4.0,1.6952995281984116,sub-22
l,EBA,face_first,4.0,0.5359669970244879,sub-22
l,EBA,face_noncom,4.0,0.8745591557685806,sub-22
l,EBA,face_third,4.0,0.6081762886719434,sub-22
l,EBA,ind,4.0,0.6311849747322322,sub-22
l,EBA,interact,1.5,1.541578923386563,sub-22
l,EBA,noninteract,1.5,1.3853211763784554,sub-22
l,EBA,object,4.0,0.3681492727090157,sub-22
l,EBA,photo,0.5,-0.0480476160281892,sub-22
l,EBA,phy,4.0,1.8365808040189595,sub-22
l,EVC,belief,0.5,1.4542958785113849,sub-22
l,EVC,body,4.0,1.975819952641036,sub-22
l,EVC,com_ind,4.0,2.787496053888096,sub-22
l,EVC,com_phy,4.0,2.451912900137124,sub-22
l,EVC,face_first,4.0,2.079929084072715,sub-22
l,EVC,face_noncom,4.0,2.167399902139441,sub-22
l,EVC,face_third,4.0,2.1249457757907813,sub-22
l,EVC,ind,4.0,2.6838586976067007,sub-22
l,EVC,interact,1.5,1.0385696579954469,sub-22
l,EVC,noninteract,1.5,1.3391354487931963,sub-22
l,EVC,object,4.0,1.9487699219191703,sub-22
l,EVC,photo,0.5,1.3058216182135884,sub-22
l,EVC,phy,4.0,2.5570632159525286,sub-22
l,FFA,belief,0.5,0.8886956004232858,sub-22
l,FFA,body,4.0,0.7469079297203721,sub-22
l,FFA,com_ind,4.0,1.7985070801741,sub-22
l,FFA,com_phy,4.0,1.6286951772903029,sub-22
l,FFA,face_first,4.0,1.8049966078114,sub-22
l,FFA,face_noncom,4.0,1.675627031254601,sub-22
l,FFA,face_third,4.0,1.739940605966008,sub-22
l,FFA,ind,4.0,1.6405468876780955,sub-22
l,FFA,interact,1.5,0.363591609791556,sub-22
l,FFA,noninteract,1.5,0.2204272027072913,sub-22
l,FFA,object,4.0,0.5517560806584958,sub-22
l,FFA,photo,0.5,0.7178538156142904,sub-22
l,FFA,phy,4.0,1.4833775469221526,sub-22
l,MT,belief,0.5,0.8135763482293249,sub-22
l,MT,body,4.0,1.9593860890439867,sub-22
l,MT,com_ind,4.0,2.3158120831286206,sub-22
l,MT,com_phy,4.0,2.499146531481788,sub-22
l,MT,face_first,4.0,1.6496029282813929,sub-22
l,MT,face_noncom,4.0,2.1026665877091806,sub-22
l,MT,face_third,4.0,1.899834079567203,sub-22
l,MT,ind,4.0,2.0399629023145414,sub-22
l,MT,interact,1.5,1.3914887496462134,sub-22
l,MT,noninteract,1.5,1.5668747281189193,sub-22
l,MT,object,4.0,1.4239989436913556,sub-22
l,MT,photo,0.5,0.7922169209362697,sub-22
l,MT,phy,4.0,2.5551369747570933,sub-22
l,SI-STS,belief,0.5,0.7629910258992217,sub-22
l,SI-STS,body,1.5,0.1878315193679213,sub-22
l,SI-STS,com_ind,1.5,0.3642646710825132,sub-22
l,SI-STS,com_phy,1.5,0.0526414871398036,sub-22
l,SI-STS,face_first,1.5,-0.1715283782357793,sub-22
l,SI-STS,face_noncom,1.5,0.139236612148582,sub-22
l,SI-STS,face_third,1.5,0.142563917920964,sub-22
l,SI-STS,ind,1.5,0.267281298999688,sub-22
l,SI-STS,interact,1.5,0.6760376389443271,sub-22
l,SI-STS,noninteract,1.5,0.2887479327052201,sub-22
l,SI-STS,object,1.5,-0.1763899722758821,sub-22
l,SI-STS,photo,0.5,0.5015484630014732,sub-22
l,SI-STS,phy,1.5,0.1633874614535706,sub-22
l,TPJ,belief,0.5,1.2246312519693965,sub-22
l,TPJ,body,0.5,-0.1700266028916027,sub-22
l,TPJ,com_ind,0.5,-0.1059302571374846,sub-22
l,TPJ,com_phy,0.5,-0.2095518986004227,sub-22
l,TPJ,face_first,0.5,-0.4083820973545465,sub-22
l,TPJ,face_noncom,0.5,-0.2887525848578805,sub-22
l,TPJ,face_third,0.5,-0.3937974105619267,sub-22
l,TPJ,ind,0.5,-0.1048444334709295,sub-22
l,TPJ,interact,0.5,0.5339652703815104,sub-22
l,TPJ,noninteract,0.5,0.1220892263709771,sub-22
l,TPJ,object,0.5,-0.5638050473325892,sub-22
l,TPJ,photo,0.5,0.617363666795584,sub-22
l,TPJ,phy,0.5,-0.0415381021661419,sub-22
l,fSTS,belief,0.5,0.2470266176787514,sub-22
l,fSTS,body,4.0,0.205313195997289,sub-22
l,fSTS,com_ind,4.0,0.3612000730295739,sub-22
l,fSTS,com_phy,4.0,0.4589769345352383,sub-22
l,fSTS,face_first,4.0,0.4885585880663936,sub-22
l,fSTS,face_noncom,4.0,0.1813098799280836,sub-22
l,fSTS,face_third,4.0,0.4228652908177525,sub-22
l,fSTS,ind,4.0,0.1939160584042524,sub-22
l,fSTS,interact,1.5,0.4666706526736364,sub-22
l,fSTS,noninteract,1.5,0.2601912122875889,sub-22
l,fSTS,object,4.0,-0.0382507244096932,sub-22
l,fSTS,photo,0.5,0.1173860789955694,sub-22
l,fSTS,phy,4.0,0.2092196774172934,sub-22
r,EBA,belief,0.5,-0.1898200813609195,sub-22
r,EBA,body,4.0,1.293142711547395,sub-22
r,EBA,com_ind,4.0,1.180512429117082,sub-22
r,EBA,com_phy,4.0,1.5110221573913891,sub-22
r,EBA,face_first,4.0,0.5653053949874801,sub-22
r,EBA,face_noncom,4.0,0.8044700772794208,sub-22
r,EBA,face_third,4.0,0.7178505198388995,sub-22
r,EBA,ind,4.0,1.0689053968406736,sub-22
r,EBA,interact,1.5,1.202453257916028,sub-22
r,EBA,noninteract,1.5,1.1224372877756306,sub-22
r,EBA,object,4.0,0.5341268149633891,sub-22
r,EBA,photo,0.5,-0.2194785541745372,sub-22
r,EBA,phy,4.0,1.5633178885154602,sub-22
r,EVC,belief,0.5,1.621621097378099,sub-22
r,EVC,body,4.0,2.3010204436325634,sub-22
r,EVC,com_ind,4.0,2.9796464800970446,sub-22
r,EVC,com_phy,4.0,2.840733377829128,sub-22
r,EVC,face_first,4.0,2.49989984469998,sub-22
r,EVC,face_noncom,4.0,2.4225266052791654,sub-22
r,EVC,face_third,4.0,2.536931682904314,sub-22
r,EVC,ind,4.0,2.978202859388797,sub-22
r,EVC,interact,1.5,1.502816331902184,sub-22
r,EVC,noninteract,1.5,1.7163325301375598,sub-22
r,EVC,object,4.0,2.7919387645946614,sub-22
r,EVC,photo,0.5,1.414772116045999,sub-22
r,EVC,phy,4.0,2.987633649751153,sub-22
r,FFA,belief,0.5,0.1255634796854758,sub-22
r,FFA,body,4.0,0.6944508470648036,sub-22
r,FFA,com_ind,4.0,1.231331274061532,sub-22
r,FFA,com_phy,4.0,1.2083421315767462,sub-22
r,FFA,face_first,4.0,1.1262528961789056,sub-22
r,FFA,face_noncom,4.0,1.1839057155023924,sub-22
r,FFA,face_third,4.0,1.1204342600941426,sub-22
r,FFA,ind,4.0,1.0650776505219672,sub-22
r,FFA,interact,1.5,0.7268042066465417,sub-22
r,FFA,noninteract,1.5,0.6248894164565012,sub-22
r,FFA,object,4.0,0.3241866061626894,sub-22
r,FFA,photo,0.5,0.0251957422388566,sub-22
r,FFA,phy,4.0,1.1996009350355863,sub-22
r,MT,belief,0.5,-0.1917943465950942,sub-22
r,MT,body,4.0,2.7755536245945485,sub-22
r,MT,com_ind,4.0,3.020050573368624,sub-22
r,MT,com_phy,4.0,3.4223256678300737,sub-22
r,MT,face_first,4.0,2.090979982185256,sub-22
r,MT,face_noncom,4.0,2.699114470331918,sub-22
r,MT,face_third,4.0,2.4136347736645547,sub-22
r,MT,ind,4.0,2.736553802002022,sub-22
r,MT,interact,1.5,2.374264772742397,sub-22
r,MT,noninteract,1.5,2.602904273048838,sub-22
r,MT,object,4.0,2.005940598535122,sub-22
r,MT,photo,0.5,-0.1856819254658486,sub-22
r,MT,phy,4.0,3.610642165866244,sub-22
r,SI-STS,belief,0.5,0.9188497019632524,sub-22
r,SI-STS,body,1.5,0.0632402739524264,sub-22
r,SI-STS,com_ind,1.5,0.4155289898451584,sub-22
r,SI-STS,com_phy,1.5,0.2283657839314315,sub-22
r,SI-STS,face_first,1.5,0.1159459086404794,sub-22
r,SI-STS,face_noncom,1.5,0.0944013230070673,sub-22
r,SI-STS,face_third,1.5,0.3406667597318817,sub-22
r,SI-STS,ind,1.5,0.3163957018185374,sub-22
r,SI-STS,interact,1.5,0.7232993393849027,sub-22
r,SI-STS,noninteract,1.5,0.1041621485992225,sub-22
r,SI-STS,object,1.5,-0.1773477782084767,sub-22
r,SI-STS,photo,0.5,0.226559528004111,sub-22
r,SI-STS,phy,1.5,0.1700478227256882,sub-22
r,TPJ,belief,0.5,1.1191221300760517,sub-22
r,TPJ,body,0.5,0.206509361982868,sub-22
r,TPJ,com_ind,0.5,0.402763190245588,sub-22
r,TPJ,com_phy,0.5,0.3418349596474812,sub-22
r,TPJ,face_first,0.5,0.2354117853717587,sub-22
r,TPJ,face_noncom,0.5,0.2150567900520422,sub-22
r,TPJ,face_third,0.5,0.2412240647831599,sub-22
r,TPJ,ind,0.5,0.5466345464669788,sub-22
r,TPJ,interact,0.5,0.7494197905269762,sub-22
r,TPJ,noninteract,0.5,0.1982345453415486,sub-22
r,TPJ,object,0.5,-0.102341719049416,sub-22
r,TPJ,photo,0.5,0.1297403240954364,sub-22
r,TPJ,phy,0.5,0.5343619848653509,sub-22
r,fSTS,belief,0.5,0.4668047658195807,sub-22
r,fSTS,body,4.0,0.1829483250745339,sub-22
r,fSTS,com_ind,4.0,0.3508907368499767,sub-22
r,fSTS,com_phy,4.0,0.4402630936872777,sub-22
r,fSTS,face_first,4.0,0.6021793987198812,sub-22
r,fSTS,face_noncom,4.0,0.2169347285215382,sub-22
r,fSTS,face_third,4.0,0.559995774376185,sub-22
r,fSTS,ind,4.0,0.1267485110881602,sub-22
r,fSTS,interact,1.5,0.5992894682452942,sub-22
r,fSTS,noninteract,1.5,0.0856275964103117,sub-22
r,fSTS,object,4.0,-0.1340233677756918,sub-22
r,fSTS,photo,0.5,0.1891642772672888,sub-22
r,fSTS,phy,4.0,0.1844567463814071,sub-22
l,EBA,belief,0.5,0.1477595026641091,sub-23
l,EBA,body,4.0,0.6488072904405783,sub-23
l,EBA,com_ind,4.0,0.5984365813881602,sub-23
l,EBA,com_phy,4.0,0.8261235177037768,sub-23
l,EBA,face_first,4.0,0.1825060743560155,sub-23
l,EBA,face_noncom,4.0,0.4218554303740294,sub-23
l,EBA,face_third,4.0,0.2248637525257149,sub-23
l,EBA,ind,4.0,0.5708451102597505,sub-23
l,EBA,interact,1.5,0.7024071867178009,sub-23
l,EBA,noninteract,1.5,0.5127901995042001,sub-23
l,EBA,object,4.0,0.0429662908286418,sub-23
l,EBA,photo,0.5,-0.0558207322058509,sub-23
l,EBA,phy,4.0,0.7651002822205383,sub-23
l,EVC,belief,0.5,1.1322637056538167,sub-23
l,EVC,body,4.0,2.3006490431965543,sub-23
l,EVC,com_ind,4.0,2.754603149443493,sub-23
l,EVC,com_phy,4.0,2.6190271910486262,sub-23
l,EVC,face_first,4.0,2.5132302978059964,sub-23
l,EVC,face_noncom,4.0,2.509334791568904,sub-23
l,EVC,face_third,4.0,2.4218591378995407,sub-23
l,EVC,ind,4.0,2.589711290861174,sub-23
l,EVC,interact,1.5,0.8861386644734845,sub-23
l,EVC,noninteract,1.5,1.0435951583348435,sub-23
l,EVC,object,4.0,2.2286802840730844,sub-23
l,EVC,photo,0.5,1.1912325993878574,sub-23
l,EVC,phy,4.0,2.6173575566237424,sub-23
l,FFA,belief,0.5,0.6639108008194778,sub-23
l,FFA,body,4.0,0.6604471113317574,sub-23
l,FFA,com_ind,4.0,0.9597507162536388,sub-23
l,FFA,com_phy,4.0,1.0231411459950412,sub-23
l,FFA,face_first,4.0,0.9965466873989792,sub-23
l,FFA,face_noncom,4.0,1.1233679336922533,sub-23
l,FFA,face_third,4.0,0.9801842396561186,sub-23
l,FFA,ind,4.0,0.8789751950181137,sub-23
l,FFA,interact,1.5,0.4200745214075395,sub-23
l,FFA,noninteract,1.5,0.3947916355656061,sub-23
l,FFA,object,4.0,0.524770542101182,sub-23
l,FFA,photo,0.5,0.6674787958792237,sub-23
l,FFA,phy,4.0,0.947364743095961,sub-23
l,MT,belief,0.5,0.2505762694965026,sub-23
l,MT,body,4.0,2.5194996949259707,sub-23
l,MT,com_ind,4.0,2.498319234480304,sub-23
l,MT,com_phy,4.0,2.82418706433884,sub-23
l,MT,face_first,4.0,1.4490166476970872,sub-23
l,MT,face_noncom,4.0,2.484008758192644,sub-23
l,MT,face_third,4.0,1.6842527219715304,sub-23
l,MT,ind,4.0,2.1488295600400686,sub-23
l,MT,interact,1.5,1.9175373036743548,sub-23
l,MT,noninteract,1.5,1.994147436547552,sub-23
l,MT,object,4.0,1.8206394512675248,sub-23
l,MT,photo,0.5,0.2896269103028835,sub-23
l,MT,phy,4.0,2.76804607146004,sub-23
l,SI-STS,belief,0.5,0.913199625906024,sub-23
l,SI-STS,body,1.5,0.032458848313948,sub-23
l,SI-STS,com_ind,1.5,0.1292532405569213,sub-23
l,SI-STS,com_phy,1.5,0.2038547287615287,sub-23
l,SI-STS,face_first,1.5,0.1250032288116954,sub-23
l,SI-STS,face_noncom,1.5,-0.0619593035046352,sub-23
l,SI-STS,face_third,1.5,0.0687253807527722,sub-23
l,SI-STS,ind,1.5,-0.0525750486979512,sub-23
l,SI-STS,interact,1.5,0.4679519794325305,sub-23
l,SI-STS,noninteract,1.5,0.0820666874010933,sub-23
l,SI-STS,object,1.5,-0.06042195833499,sub-23
l,SI-STS,photo,0.5,0.6148972823339338,sub-23
l,SI-STS,phy,1.5,-0.0570062793652979,sub-23
l,TPJ,belief,0.5,0.4448633189481338,sub-23
l,TPJ,body,0.5,-0.0331066221151316,sub-23
l,TPJ,com_ind,0.5,-0.1996748952376661,sub-23
l,TPJ,com_phy,0.5,-0.1213067272993069,sub-23
l,TPJ,face_first,0.5,0.0107365694831248,sub-23
l,TPJ,face_noncom,0.5,-0.2665971724365254,sub-23
l,TPJ,face_third,0.5,-0.2429574338730895,sub-23
l,TPJ,ind,0.5,-0.2269328897693326,sub-23
l,TPJ,interact,0.5,0.1225688511746952,sub-23
l,TPJ,noninteract,0.5,-0.2014909647961403,sub-23
l,TPJ,object,0.5,-0.3663923521440894,sub-23
l,TPJ,photo,0.5,0.1073331197780741,sub-23
l,TPJ,phy,0.5,-0.123383773319145,sub-23
l,fSTS,belief,0.5,0.4122759251081269,sub-23
l,fSTS,body,4.0,0.1809939599326819,sub-23
l,fSTS,com_ind,4.0,0.4148466873195313,sub-23
l,fSTS,com_phy,4.0,0.4803354281997784,sub-23
l,fSTS,face_first,4.0,0.6983201805706309,sub-23
l,fSTS,face_noncom,4.0,0.202961073283847,sub-23
l,fSTS,face_third,4.0,0.6997459611106981,sub-23
l,fSTS,ind,4.0,0.1432100321439343,sub-23
l,fSTS,interact,1.5,0.4223725145127435,sub-23
l,fSTS,noninteract,1.5,0.2185563891873533,sub-23
l,fSTS,object,4.0,0.050079700513878,sub-23
l,fSTS,photo,0.5,0.3875544691274099,sub-23
l,fSTS,phy,4.0,0.1981731276749222,sub-23
r,EBA,belief,0.5,-0.0297075549798495,sub-23
r,EBA,body,4.0,1.3395690132906342,sub-23
r,EBA,com_ind,4.0,1.0098405923651517,sub-23
r,EBA,com_phy,4.0,1.4125999450982312,sub-23
r,EBA,face_first,4.0,0.6341953507281516,sub-23
r,EBA,face_noncom,4.0,1.0620303631252124,sub-23
r,EBA,face_third,4.0,0.6683462007805753,sub-23
r,EBA,ind,4.0,0.9468650395995988,sub-23
r,EBA,interact,1.5,1.1423763970754806,sub-23
r,EBA,noninteract,1.5,1.0888170410330753,sub-23
r,EBA,object,4.0,0.633731575245173,sub-23
r,EBA,photo,0.5,-0.1707154099260589,sub-23
r,EBA,phy,4.0,1.288073485656867,sub-23
r,EVC,belief,0.5,1.270024707185575,sub-23
r,EVC,body,4.0,1.8725399861356435,sub-23
r,EVC,com_ind,4.0,2.586232488304,sub-23
r,EVC,com_phy,4.0,2.4560728208120954,sub-23
r,EVC,face_first,4.0,2.104989294872758,sub-23
r,EVC,face_noncom,4.0,2.2367067157787823,sub-23
r,EVC,face_third,4.0,2.2147482380320533,sub-23
r,EVC,ind,4.0,2.4585568331320937,sub-23
r,EVC,interact,1.5,1.0557653104315048,sub-23
r,EVC,noninteract,1.5,1.284351655957848,sub-23
r,EVC,object,4.0,2.14284269969884,sub-23
r,EVC,photo,0.5,1.2390195895085614,sub-23
r,EVC,phy,4.0,2.3708558605022483,sub-23
r,FFA,belief,0.5,0.4042774933320099,sub-23
r,FFA,body,4.0,0.8288634196195525,sub-23
r,FFA,com_ind,4.0,1.5890386387397188,sub-23
r,FFA,com_phy,4.0,1.5316287302004843,sub-23
r,FFA,face_first,4.0,1.647342680095964,sub-23
r,FFA,face_noncom,4.0,1.724740500500162,sub-23
r,FFA,face_third,4.0,1.6440058909099962,sub-23
r,FFA,ind,4.0,1.499872812430886,sub-23
r,FFA,interact,1.5,0.591634153534973,sub-23
r,FFA,noninteract,1.5,0.5645914534321448,sub-23
r,FFA,object,4.0,0.5561537068988364,sub-23
r,FFA,photo,0.5,0.411164186013128,sub-23
r,FFA,phy,4.0,1.525147017683625,sub-23
r,MT,belief,0.5,0.1687115642282361,sub-23
r,MT,body,4.0,2.688495759354328,sub-23
r,MT,com_ind,4.0,2.5260181450125767,sub-23
r,MT,com_phy,4.0,2.761299862215508,sub-23
r,MT,face_first,4.0,1.7852791931397043,sub-23
r,MT,face_noncom,4.0,2.53772683746004,sub-23
r,MT,face_third,4.0,1.9386895224475824,sub-23
r,MT,ind,4.0,2.1568768872712907,sub-23
r,MT,interact,1.5,2.1232416630766853,sub-23
r,MT,noninteract,1.5,2.2691368739409445,sub-23
r,MT,object,4.0,2.208168155552475,sub-23
r,MT,photo,0.5,0.3282458713821849,sub-23
r,MT,phy,4.0,2.6542977356579507,sub-23
r,SI-STS,belief,0.5,0.9813520280646542,sub-23
r,SI-STS,body,1.5,-0.0798742166113558,sub-23
r,SI-STS,com_ind,1.5,0.4003044876348268,sub-23
r,SI-STS,com_phy,1.5,0.4790876158328243,sub-23
r,SI-STS,face_first,1.5,0.4456079799477586,sub-23
r,SI-STS,face_noncom,1.5,0.0589746085509743,sub-23
r,SI-STS,face_third,1.5,0.3159488401712206,sub-23
r,SI-STS,ind,1.5,0.1137071583264489,sub-23
r,SI-STS,interact,1.5,0.9150164977730072,sub-23
r,SI-STS,noninteract,1.5,0.1371356212920708,sub-23
r,SI-STS,object,1.5,-0.2783668667554297,sub-23
r,SI-STS,photo,0.5,0.3203741369155142,sub-23
r,SI-STS,phy,1.5,0.1952320376445809,sub-23
r,TPJ,belief,0.5,0.6889929062361633,sub-23
r,TPJ,body,0.5,0.1893674459110816,sub-23
r,TPJ,com_ind,0.5,0.2688979295918601,sub-23
r,TPJ,com_phy,0.5,0.3080999080304388,sub-23
r,TPJ,face_first,0.5,0.1960348367041262,sub-23
r,TPJ,face_noncom,0.5,0.0674835538884367,sub-23
r,TPJ,face_third,0.5,0.0826412062227723,sub-23
r,TPJ,ind,0.5,0.0855737428539777,sub-23
r,TPJ,interact,0.5,0.6029612741645428,sub-23
r,TPJ,noninteract,0.5,0.1380773129522634,sub-23
r,TPJ,object,0.5,-0.1039509384514467,sub-23
r,TPJ,photo,0.5,0.0158579313858123,sub-23
r,TPJ,phy,0.5,0.0816647039508152,sub-23
r,fSTS,belief,0.5,0.3531734682677776,sub-23
r,fSTS,body,4.0,0.3507547320804909,sub-23
r,fSTS,com_ind,4.0,0.7423816857823005,sub-23
r,fSTS,com_phy,4.0,0.7679502294110044,sub-23
r,fSTS,face_first,4.0,0.902345554117454,sub-23
r,fSTS,face_noncom,4.0,0.5390220401951936,sub-23
r,fSTS,face_third,4.0,0.8679458256909941,sub-23
r,fSTS,ind,4.0,0.3736084944221294,sub-23
r,fSTS,interact,1.5,0.6503179488620854,sub-23
r,fSTS,noninteract,1.5,0.3519642602512757,sub-23
r,fSTS,object,4.0,0.0708394357488639,sub-23
r,fSTS,photo,0.5,0.1855914439361505,sub-23
r,fSTS,phy,4.0,0.5102315840737831,sub-23
