subject,hemisphere,communicate_contrast,percent_threshold,n_communicate_voxels,n_pointlight_voxels,n_overlap_voxels,dice
1,left,com_ind-ind,0.05,220,220,35,0.1590909090909091
1,left,com_ind-ind,0.1,440,440,105,0.2386363636363636
1,left,com_ind-ind,0.2,881,881,284,0.322360953461975
1,left,com_ind-ind,0.3,1080,1321,479,0.3990004164931278
1,left,com_ind-ind,0.4,1080,1762,614,0.4320900774102744
1,left,com_ind-ind,0.5,1080,2202,747,0.4552102376599634
1,left,com_ind-ind,0.6,1080,2642,847,0.4551316496507254
1,left,com_ind-ind,0.7,1080,2887,891,0.4492059490799092
1,left,com_ind-ind,0.8,1080,2887,891,0.4492059490799092
1,left,com_ind-ind,0.9,1080,2887,891,0.4492059490799092
1,left,com_ind-ind,1.0,1080,2887,891,0.4492059490799092
1,right,com_ind-ind,0.05,196,196,20,0.1020408163265306
1,right,com_ind-ind,0.1,393,393,80,0.2035623409669211
1,right,com_ind-ind,0.2,786,786,223,0.2837150127226463
1,right,com_ind-ind,0.3,1037,1179,398,0.3592057761732852
1,right,com_ind-ind,0.4,1037,1572,504,0.3863549252587198
1,right,com_ind-ind,0.5,1037,1964,633,0.4218593802065978
1,right,com_ind-ind,0.6,1037,2357,748,0.440777843252799
1,right,com_ind-ind,0.7,1037,2750,844,0.4457354106152627
1,right,com_ind-ind,0.8,1037,2896,880,0.4474955504703788
1,right,com_ind-ind,0.9,1037,2896,880,0.4474955504703788
1,right,com_ind-ind,1.0,1037,2896,880,0.4474955504703788
1,left,com_phy-phy,0.05,220,220,17,0.0772727272727272
1,left,com_phy-phy,0.1,440,440,36,0.0818181818181818
1,left,com_phy-phy,0.2,881,881,124,0.1407491486946651
1,left,com_phy-phy,0.3,1321,1321,307,0.2323996971990916
1,left,com_phy-phy,0.4,1762,1762,625,0.3547105561861521
1,left,com_phy-phy,0.5,2202,2202,1063,0.4827429609445958
1,left,com_phy-phy,0.6,2642,2642,1600,0.6056018168054504
1,left,com_phy-phy,0.7,3083,2887,2057,0.6891122278056951
1,left,com_phy-phy,0.8,3127,2887,2086,0.693714665779847
1,left,com_phy-phy,0.9,3127,2887,2086,0.693714665779847
1,left,com_phy-phy,1.0,3127,2887,2086,0.693714665779847
1,right,com_phy-phy,0.05,196,196,15,0.0765306122448979
1,right,com_phy-phy,0.1,393,393,40,0.1017811704834605
1,right,com_phy-phy,0.2,786,786,166,0.2111959287531806
1,right,com_phy-phy,0.3,1179,1179,344,0.2917726887192536
1,right,com_phy-phy,0.4,1572,1572,569,0.3619592875318066
1,right,com_phy-phy,0.5,1964,1964,881,0.4485743380855397
1,right,com_phy-phy,0.6,2357,2357,1305,0.5536699193890539
1,right,com_phy-phy,0.7,2501,2750,1656,0.630737002475719
1,right,com_phy-phy,0.8,2501,2896,1749,0.6481378543635353
1,right,com_phy-phy,0.9,2501,2896,1749,0.6481378543635353
1,right,com_phy-phy,1.0,2501,2896,1749,0.6481378543635353
1,left,face_first-face_noncom,0.05,220,220,5,0.0227272727272727
1,left,face_first-face_noncom,0.1,440,440,42,0.0954545454545454
1,left,face_first-face_noncom,0.2,881,881,186,0.2111237230419977
1,left,face_first-face_noncom,0.3,1103,1321,342,0.2821782178217821
1,left,face_first-face_noncom,0.4,1103,1762,443,0.3092495636998255
1,left,face_first-face_noncom,0.5,1103,2202,540,0.3267776096822995
1,left,face_first-face_noncom,0.6,1103,2642,639,0.3412550066755674
1,left,face_first-face_noncom,0.7,1103,2887,702,0.3518796992481203
1,left,face_first-face_noncom,0.8,1103,2887,702,0.3518796992481203
1,left,face_first-face_noncom,0.9,1103,2887,702,0.3518796992481203
1,left,face_first-face_noncom,1.0,1103,2887,702,0.3518796992481203
1,right,face_first-face_noncom,0.05,196,196,15,0.0765306122448979
1,right,face_first-face_noncom,0.1,393,393,42,0.1068702290076335
1,right,face_first-face_noncom,0.2,786,786,157,0.1997455470737913
1,right,face_first-face_noncom,0.3,1037,1179,316,0.2851985559566787
1,right,face_first-face_noncom,0.4,1037,1572,435,0.3334610962054427
1,right,face_first-face_noncom,0.5,1037,1964,559,0.372542485838054
1,right,face_first-face_noncom,0.6,1037,2357,672,0.3959929286977018
1,right,face_first-face_noncom,0.7,1037,2750,782,0.4129918141008714
1,right,face_first-face_noncom,0.8,1037,2896,823,0.418510043224002
1,right,face_first-face_noncom,0.9,1037,2896,823,0.418510043224002
1,right,face_first-face_noncom,1.0,1037,2896,823,0.418510043224002
1,left,face_third-face_noncom,0.05,220,220,0,0.0
1,left,face_third-face_noncom,0.1,440,440,13,0.0295454545454545
1,left,face_third-face_noncom,0.2,881,881,132,0.1498297389330306
1,left,face_third-face_noncom,0.3,1321,1321,342,0.25889477668433
1,left,face_third-face_noncom,0.4,1762,1762,667,0.3785471055618615
1,left,face_third-face_noncom,0.5,1785,2202,855,0.4288939051918736
1,left,face_third-face_noncom,0.6,1785,2642,1024,0.4626157668850237
1,left,face_third-face_noncom,0.7,1785,2887,1134,0.4854452054794521
1,left,face_third-face_noncom,0.8,1785,2887,1134,0.4854452054794521
1,left,face_third-face_noncom,0.9,1785,2887,1134,0.4854452054794521
1,left,face_third-face_noncom,1.0,1785,2887,1134,0.4854452054794521
1,right,face_third-face_noncom,0.05,196,196,19,0.096938775510204
1,right,face_third-face_noncom,0.1,393,393,69,0.1755725190839694
1,right,face_third-face_noncom,0.2,786,786,227,0.2888040712468193
1,right,face_third-face_noncom,0.3,1179,1179,467,0.3960983884648006
1,right,face_third-face_noncom,0.4,1572,1572,774,0.4923664122137404
1,right,face_third-face_noncom,0.5,1721,1964,1003,0.5443690637720489
1,right,face_third-face_noncom,0.6,1721,2357,1166,0.5718489455615497
1,right,face_third-face_noncom,0.7,1721,2750,1325,0.5927085663162603
1,right,face_third-face_noncom,0.8,1721,2896,1375,0.5956248646307126
1,right,face_third-face_noncom,0.9,1721,2896,1375,0.5956248646307126
1,right,face_third-face_noncom,1.0,1721,2896,1375,0.5956248646307126
2,left,com_ind-ind,0.05,220,220,77,0.35
2,left,com_ind-ind,0.1,440,440,124,0.2818181818181818
2,left,com_ind-ind,0.2,881,881,248,0.2814982973893303
2,left,com_ind-ind,0.3,1321,1321,418,0.3164269492808478
2,left,com_ind-ind,0.4,1512,1762,580,0.354306658521686
2,left,com_ind-ind,0.5,1512,2202,691,0.3721055465805062
2,left,com_ind-ind,0.6,1512,2642,825,0.3972075108329321
2,left,com_ind-ind,0.7,1512,3015,951,0.4201457919151756
2,left,com_ind-ind,0.8,1512,3015,951,0.4201457919151756
2,left,com_ind-ind,0.9,1512,3015,951,0.4201457919151756
2,left,com_ind-ind,1.0,1512,3015,951,0.4201457919151756
2,right,com_ind-ind,0.05,196,196,60,0.3061224489795918
2,right,com_ind-ind,0.1,393,393,165,0.4198473282442748
2,right,com_ind-ind,0.2,786,786,326,0.4147582697201017
2,right,com_ind-ind,0.3,1067,1179,448,0.3989314336598397
2,right,com_ind-ind,0.4,1067,1572,525,0.3978779840848806
2,right,com_ind-ind,0.5,1067,1964,598,0.394589244473771
2,right,com_ind-ind,0.6,1067,2357,667,0.3896028037383177
2,right,com_ind-ind,0.7,1067,2750,751,0.393502750851454
2,right,com_ind-ind,0.8,1067,3132,832,0.3962848297213622
2,right,com_ind-ind,0.9,1067,3132,832,0.3962848297213622
2,right,com_ind-ind,1.0,1067,3132,832,0.3962848297213622
2,left,com_phy-phy,0.05,220,220,16,0.0727272727272727
2,left,com_phy-phy,0.1,440,440,46,0.1045454545454545
2,left,com_phy-phy,0.2,881,881,207,0.2349602724177071
2,left,com_phy-phy,0.3,1321,1321,517,0.3913701741105223
2,left,com_phy-phy,0.4,1762,1762,884,0.5017026106696936
2,left,com_phy-phy,0.5,2202,2202,1351,0.6135331516802907
2,left,com_phy-phy,0.6,2642,2642,1859,0.7036336109008327
2,left,com_phy-phy,0.7,2964,3015,2296,0.7680214082622512
2,left,com_phy-phy,0.8,2964,3015,2296,0.7680214082622512
2,left,com_phy-phy,0.9,2964,3015,2296,0.7680214082622512
2,left,com_phy-phy,1.0,2964,3015,2296,0.7680214082622512
2,right,com_phy-phy,0.05,196,196,35,0.1785714285714285
2,right,com_phy-phy,0.1,393,393,81,0.2061068702290076
2,right,com_phy-phy,0.2,786,786,227,0.2888040712468193
2,right,com_phy-phy,0.3,1179,1179,454,0.3850720949957591
2,right,com_phy-phy,0.4,1572,1572,779,0.4955470737913486
2,right,com_phy-phy,0.5,1958,1964,1180,0.6017338092809791
2,right,com_phy-phy,0.6,1958,2357,1430,0.6628041714947857
2,right,com_phy-phy,0.7,1958,2750,1642,0.697536108751062
2,right,com_phy-phy,0.8,1958,3132,1805,0.7092337917485265
2,right,com_phy-phy,0.9,1958,3132,1805,0.7092337917485265
2,right,com_phy-phy,1.0,1958,3132,1805,0.7092337917485265
2,left,face_first-face_noncom,0.05,220,220,20,0.0909090909090909
2,left,face_first-face_noncom,0.1,440,440,55,0.125
2,left,face_first-face_noncom,0.2,881,881,204,0.23155505107832
2,left,face_first-face_noncom,0.3,1321,1321,405,0.3065859197577593
2,left,face_first-face_noncom,0.4,1762,1762,677,0.3842224744608399
2,left,face_first-face_noncom,0.5,2202,2202,1043,0.4736603088101725
2,left,face_first-face_noncom,0.6,2642,2642,1504,0.5692657077971234
2,left,face_first-face_noncom,0.7,3083,3015,2039,0.6687438504427681
2,left,face_first-face_noncom,0.8,3235,3015,2149,0.68768
2,left,face_first-face_noncom,0.9,3235,3015,2149,0.68768
2,left,face_first-face_noncom,1.0,3235,3015,2149,0.68768
2,right,face_first-face_noncom,0.05,196,196,20,0.1020408163265306
2,right,face_first-face_noncom,0.1,393,393,82,0.2086513994910941
2,right,face_first-face_noncom,0.2,786,786,274,0.3486005089058524
2,right,face_first-face_noncom,0.3,1179,1179,484,0.4105173876166242
2,right,face_first-face_noncom,0.4,1572,1572,762,0.4847328244274809
2,right,face_first-face_noncom,0.5,1964,1964,1120,0.570264765784114
2,right,face_first-face_noncom,0.6,2301,2357,1527,0.6556462000858738
2,right,face_first-face_noncom,0.7,2301,2750,1756,0.6953078598297366
2,right,face_first-face_noncom,0.8,2301,3132,1951,0.718203570771213
2,right,face_first-face_noncom,0.9,2301,3132,1951,0.718203570771213
2,right,face_first-face_noncom,1.0,2301,3132,1951,0.718203570771213
2,left,face_third-face_noncom,0.05,220,220,66,0.3
2,left,face_third-face_noncom,0.1,440,440,136,0.3090909090909091
2,left,face_third-face_noncom,0.2,881,881,351,0.398410896708286
2,left,face_third-face_noncom,0.3,1321,1321,573,0.4337623012869038
2,left,face_third-face_noncom,0.4,1762,1762,843,0.4784335981838819
2,left,face_third-face_noncom,0.5,2202,2202,1154,0.5240690281562216
2,left,face_third-face_noncom,0.6,2642,2642,1572,0.595003785011355
2,left,face_third-face_noncom,0.7,2762,3015,1848,0.6397784317119612
2,left,face_third-face_noncom,0.8,2762,3015,1848,0.6397784317119612
2,left,face_third-face_noncom,0.9,2762,3015,1848,0.6397784317119612
2,left,face_third-face_noncom,1.0,2762,3015,1848,0.6397784317119612
2,right,face_third-face_noncom,0.05,196,196,50,0.2551020408163265
2,right,face_third-face_noncom,0.1,393,393,148,0.376590330788804
2,right,face_third-face_noncom,0.2,786,786,361,0.4592875318066158
2,right,face_third-face_noncom,0.3,1179,1179,571,0.4843087362171331
2,right,face_third-face_noncom,0.4,1572,1572,885,0.5629770992366412
2,right,face_third-face_noncom,0.5,1964,1964,1245,0.6339103869653768
2,right,face_third-face_noncom,0.6,2357,2357,1650,0.7000424268137463
2,right,face_third-face_noncom,0.7,2750,2750,2078,0.7556363636363637
2,right,face_third-face_noncom,0.8,3143,3132,2551,0.8130677290836653
2,right,face_third-face_noncom,0.9,3531,3132,2842,0.8530691880534294
2,right,face_third-face_noncom,1.0,3531,3132,2842,0.8530691880534294
3,left,com_ind-ind,0.05,220,220,72,0.3272727272727272
3,left,com_ind-ind,0.1,440,440,146,0.3318181818181818
3,left,com_ind-ind,0.2,881,881,328,0.3723041997729852
3,left,com_ind-ind,0.3,1321,1321,579,0.4383043149129447
3,left,com_ind-ind,0.4,1762,1728,930,0.5329512893982808
3,left,com_ind-ind,0.5,2202,1728,1103,0.561323155216285
3,left,com_ind-ind,0.6,2642,1728,1252,0.5729977116704805
3,left,com_ind-ind,0.7,3083,1728,1388,0.5770110164207025
3,left,com_ind-ind,0.8,3523,1728,1523,0.5800799847648067
3,left,com_ind-ind,0.9,3964,1728,1616,0.567814476458187
3,left,com_ind-ind,1.0,4221,1728,1681,0.5651369978147588
3,right,com_ind-ind,0.05,196,196,43,0.2193877551020408
3,right,com_ind-ind,0.1,393,393,90,0.2290076335877862
3,right,com_ind-ind,0.2,786,786,242,0.3078880407124681
3,right,com_ind-ind,0.3,1179,1179,434,0.368108566581849
3,right,com_ind-ind,0.4,1572,1572,683,0.4344783715012723
3,right,com_ind-ind,0.5,1964,1948,999,0.5107361963190185
3,right,com_ind-ind,0.6,2357,1948,1172,0.5444831591173055
3,right,com_ind-ind,0.7,2750,1948,1366,0.5815240527884206
3,right,com_ind-ind,0.8,3143,1948,1568,0.6159890001964251
3,right,com_ind-ind,0.9,3536,1948,1768,0.6447848285922684
3,right,com_ind-ind,1.0,3816,1948,1904,0.6606523247744622
3,left,com_phy-phy,0.05,220,220,73,0.3318181818181818
3,left,com_phy-phy,0.1,440,440,157,0.3568181818181818
3,left,com_phy-phy,0.2,881,881,378,0.4290578887627695
3,left,com_phy-phy,0.3,1321,1321,660,0.4996214988644966
3,left,com_phy-phy,0.4,1762,1728,1031,0.5908309455587393
3,left,com_phy-phy,0.5,2202,1728,1188,0.6045801526717557
3,left,com_phy-phy,0.6,2642,1728,1338,0.6123569794050343
3,left,com_phy-phy,0.7,3083,1728,1458,0.6061109956350031
3,left,com_phy-phy,0.8,3523,1728,1581,0.6021710150447533
3,left,com_phy-phy,0.9,3917,1728,1673,0.5927369353410098
3,left,com_phy-phy,1.0,3917,1728,1673,0.5927369353410098
3,right,com_phy-phy,0.05,196,196,31,0.1581632653061224
3,right,com_phy-phy,0.1,393,393,112,0.2849872773536895
3,right,com_phy-phy,0.2,786,786,262,0.3333333333333333
3,right,com_phy-phy,0.3,1179,1179,487,0.4130619168787107
3,right,com_phy-phy,0.4,1572,1572,765,0.4866412213740458
3,right,com_phy-phy,0.5,1964,1948,1110,0.5674846625766872
3,right,com_phy-phy,0.6,2357,1948,1304,0.6058072009291522
3,right,com_phy-phy,0.7,2750,1948,1489,0.633886760323542
3,right,com_phy-phy,0.8,3143,1948,1658,0.6513455116872913
3,right,com_phy-phy,0.9,3536,1948,1810,0.6601021152443471
3,right,com_phy-phy,1.0,3850,1948,1926,0.6643670231114177
3,left,face_first-face_noncom,0.05,220,220,40,0.1818181818181818
3,left,face_first-face_noncom,0.1,440,440,129,0.2931818181818181
3,left,face_first-face_noncom,0.2,881,881,332,0.376844494892168
3,left,face_first-face_noncom,0.3,1321,1321,625,0.4731264193792581
3,left,face_first-face_noncom,0.4,1762,1728,973,0.5575931232091691
3,left,face_first-face_noncom,0.5,2202,1728,1111,0.5653944020356234
3,left,face_first-face_noncom,0.6,2642,1728,1234,0.5647597254004577
3,left,face_first-face_noncom,0.7,3083,1728,1339,0.5566410309706922
3,left,face_first-face_noncom,0.8,3523,1728,1475,0.5617977528089888
3,left,face_first-face_noncom,0.9,3964,1728,1600,0.5621925509486999
3,left,face_first-face_noncom,1.0,4376,1728,1723,0.5645478374836173
3,right,face_first-face_noncom,0.05,196,196,52,0.2653061224489796
3,right,face_first-face_noncom,0.1,393,393,116,0.2951653944020356
3,right,face_first-face_noncom,0.2,786,786,302,0.3842239185750636
3,right,face_first-face_noncom,0.3,1179,1179,580,0.4919423240033927
3,right,face_first-face_noncom,0.4,1572,1572,866,0.5508905852417303
3,right,face_first-face_noncom,0.5,1964,1948,1228,0.6278118609406953
3,right,face_first-face_noncom,0.6,2357,1948,1404,0.6522648083623693
3,right,face_first-face_noncom,0.7,2750,1948,1550,0.659855257556407
3,right,face_first-face_noncom,0.8,3143,1948,1688,0.66313101551758
3,right,face_first-face_noncom,0.9,3536,1948,1819,0.6633843909555069
3,right,face_first-face_noncom,1.0,3881,1948,1942,0.6663235546405901
3,left,face_third-face_noncom,0.05,220,220,68,0.3090909090909091
3,left,face_third-face_noncom,0.1,440,440,187,0.425
3,left,face_third-face_noncom,0.2,881,881,453,0.5141884222474461
3,left,face_third-face_noncom,0.3,1321,1321,800,0.6056018168054504
3,left,face_third-face_noncom,0.4,1762,1728,1173,0.6722063037249284
3,left,face_third-face_noncom,0.5,2202,1728,1361,0.6926208651399491
3,left,face_third-face_noncom,0.6,2642,1728,1505,0.6887871853546911
3,left,face_third-face_noncom,0.7,3083,1728,1604,0.6668052379962586
3,left,face_third-face_noncom,0.8,3523,1728,1662,0.6330222814701961
3,left,face_third-face_noncom,0.9,3655,1728,1674,0.6219580159762215
3,left,face_third-face_noncom,1.0,3655,1728,1674,0.6219580159762215
3,right,face_third-face_noncom,0.05,196,196,104,0.5306122448979592
3,right,face_third-face_noncom,0.1,393,393,223,0.5674300254452926
3,right,face_third-face_noncom,0.2,786,786,455,0.5788804071246819
3,right,face_third-face_noncom,0.3,1179,1179,735,0.6234096692111959
3,right,face_third-face_noncom,0.4,1572,1572,1043,0.6634860050890585
3,right,face_third-face_noncom,0.5,1964,1948,1421,0.726482617586912
3,right,face_third-face_noncom,0.6,2357,1948,1584,0.7358885017421603
3,right,face_third-face_noncom,0.7,2750,1948,1726,0.7347807577692635
3,right,face_third-face_noncom,0.8,3143,1948,1831,0.7193085837752897
3,right,face_third-face_noncom,0.9,3493,1948,1899,0.6980334497335049
3,right,face_third-face_noncom,1.0,3493,1948,1899,0.6980334497335049
4,left,com_ind-ind,0.05,220,220,95,0.4318181818181818
4,left,com_ind-ind,0.1,440,440,228,0.5181818181818182
4,left,com_ind-ind,0.2,881,881,532,0.6038592508513053
4,left,com_ind-ind,0.3,1321,1321,790,0.5980317940953823
4,left,com_ind-ind,0.4,1762,1762,1073,0.6089670828603859
4,left,com_ind-ind,0.5,2202,2202,1462,0.6639418710263397
4,left,com_ind-ind,0.6,2642,2642,1901,0.7195306585919757
4,left,com_ind-ind,0.7,2812,3083,2220,0.7531806615776081
4,left,com_ind-ind,0.8,2812,3485,2437,0.7740193743052247
4,left,com_ind-ind,0.9,2812,3485,2437,0.7740193743052247
4,left,com_ind-ind,1.0,2812,3485,2437,0.7740193743052247
4,right,com_ind-ind,0.05,196,196,84,0.4285714285714285
4,right,com_ind-ind,0.1,393,393,195,0.4961832061068702
4,right,com_ind-ind,0.2,786,786,486,0.6183206106870229
4,right,com_ind-ind,0.3,1179,1179,766,0.6497031382527566
4,right,com_ind-ind,0.4,1572,1572,1036,0.6590330788804071
4,right,com_ind-ind,0.5,1964,1964,1315,0.6695519348268839
4,right,com_ind-ind,0.6,2357,2357,1638,0.6949512091641917
4,right,com_ind-ind,0.7,2750,2750,2072,0.7534545454545455
4,right,com_ind-ind,0.8,2872,3143,2429,0.8076475477971737
4,right,com_ind-ind,0.9,2872,3460,2612,0.8250157927984839
4,right,com_ind-ind,1.0,2872,3460,2612,0.8250157927984839
4,left,com_phy-phy,0.05,220,220,28,0.1272727272727272
4,left,com_phy-phy,0.1,440,440,83,0.1886363636363636
4,left,com_phy-phy,0.2,881,881,196,0.2224744608399546
4,left,com_phy-phy,0.3,1321,1321,423,0.3202119606358819
4,left,com_phy-phy,0.4,1581,1762,656,0.3924618606042477
4,left,com_phy-phy,0.5,1581,2202,831,0.4393338620142744
4,left,com_phy-phy,0.6,1581,2642,1000,0.4735969689793985
4,left,com_phy-phy,0.7,1581,3083,1164,0.4991423670668953
4,left,com_phy-phy,0.8,1581,3485,1300,0.513225424397947
4,left,com_phy-phy,0.9,1581,3485,1300,0.513225424397947
4,left,com_phy-phy,1.0,1581,3485,1300,0.513225424397947
4,right,com_phy-phy,0.05,196,196,37,0.1887755102040816
4,right,com_phy-phy,0.1,393,393,112,0.2849872773536895
4,right,com_phy-phy,0.2,537,786,241,0.36432350718065
4,right,com_phy-phy,0.3,537,1179,302,0.351981351981352
4,right,com_phy-phy,0.4,537,1572,337,0.3195827406353722
4,right,com_phy-phy,0.5,537,1964,360,0.2878848460615754
4,right,com_phy-phy,0.6,537,2357,393,0.271596406357982
4,right,com_phy-phy,0.7,537,2750,429,0.261028293276544
4,right,com_phy-phy,0.8,537,3143,468,0.2543478260869565
4,right,com_phy-phy,0.9,537,3460,500,0.2501876407305479
4,right,com_phy-phy,1.0,537,3460,500,0.2501876407305479
4,left,face_first-face_noncom,0.05,220,220,15,0.0681818181818181
4,left,face_first-face_noncom,0.1,440,440,69,0.1568181818181818
4,left,face_first-face_noncom,0.2,881,881,275,0.3121452894438138
4,left,face_first-face_noncom,0.3,1321,1321,549,0.4155942467827404
4,left,face_first-face_noncom,0.4,1762,1762,913,0.518161180476731
4,left,face_first-face_noncom,0.5,2202,2202,1319,0.5990009082652135
4,left,face_first-face_noncom,0.6,2642,2642,1775,0.6718395155185466
4,left,face_first-face_noncom,0.7,2734,3083,2058,0.7075812274368231
4,left,face_first-face_noncom,0.8,2734,3485,2283,0.7342016401350699
4,left,face_first-face_noncom,0.9,2734,3485,2283,0.7342016401350699
4,left,face_first-face_noncom,1.0,2734,3485,2283,0.7342016401350699
4,right,face_first-face_noncom,0.05,196,196,40,0.2040816326530612
4,right,face_first-face_noncom,0.1,393,393,112,0.2849872773536895
4,right,face_first-face_noncom,0.2,786,786,302,0.3842239185750636
4,right,face_first-face_noncom,0.3,1179,1179,521,0.4418999151823579
4,right,face_first-face_noncom,0.4,1572,1572,772,0.4910941475826972
4,right,face_first-face_noncom,0.5,1964,1964,1085,0.5524439918533605
4,right,face_first-face_noncom,0.6,2357,2357,1479,0.6274925753075944
4,right,face_first-face_noncom,0.7,2506,2750,1772,0.6742770167427702
4,right,face_first-face_noncom,0.8,2506,3143,1986,0.7031332979288369
4,right,face_first-face_noncom,0.9,2506,3460,2201,0.7378478042239356
4,right,face_first-face_noncom,1.0,2506,3460,2201,0.7378478042239356
4,left,face_third-face_noncom,0.05,220,220,27,0.1227272727272727
4,left,face_third-face_noncom,0.1,440,440,87,0.1977272727272727
4,left,face_third-face_noncom,0.2,881,881,290,0.3291713961407491
4,left,face_third-face_noncom,0.3,1321,1321,577,0.4367903103709311
4,left,face_third-face_noncom,0.4,1762,1762,928,0.5266742338251986
4,left,face_third-face_noncom,0.5,2076,2202,1295,0.6054230949041608
4,left,face_third-face_noncom,0.6,2076,2642,1504,0.6375582874099195
4,left,face_third-face_noncom,0.7,2076,3083,1688,0.6543903857336694
4,left,face_third-face_noncom,0.8,2076,3485,1833,0.6592339507282863
4,left,face_third-face_noncom,0.9,2076,3485,1833,0.6592339507282863
4,left,face_third-face_noncom,1.0,2076,3485,1833,0.6592339507282863
4,right,face_third-face_noncom,0.05,196,196,31,0.1581632653061224
4,right,face_third-face_noncom,0.1,393,393,113,0.2875318066157761
4,right,face_third-face_noncom,0.2,786,786,354,0.4503816793893129
4,right,face_third-face_noncom,0.3,1179,1179,600,0.5089058524173028
4,right,face_third-face_noncom,0.4,1572,1572,884,0.5623409669211196
4,right,face_third-face_noncom,0.5,1625,1964,1077,0.6001671774867651
4,right,face_third-face_noncom,0.6,1625,2357,1236,0.6207935710698141
4,right,face_third-face_noncom,0.7,1625,2750,1369,0.6258285714285714
4,right,face_third-face_noncom,0.8,1625,3143,1457,0.6111577181208053
4,right,face_third-face_noncom,0.9,1625,3460,1532,0.6025565388397247
4,right,face_third-face_noncom,1.0,1625,3460,1532,0.6025565388397247
5,left,com_ind-ind,0.05,220,220,104,0.4727272727272727
5,left,com_ind-ind,0.1,440,440,225,0.5113636363636364
5,left,com_ind-ind,0.2,881,881,435,0.4937570942111237
5,left,com_ind-ind,0.3,1321,1321,617,0.4670704012112036
5,left,com_ind-ind,0.4,1762,1762,891,0.5056753688989785
5,left,com_ind-ind,0.5,2202,2202,1273,0.57811080835604
5,left,com_ind-ind,0.6,2642,2642,1748,0.6616199848599545
5,left,com_ind-ind,0.7,2774,2971,2014,0.7011314186248913
5,left,com_ind-ind,0.8,2774,2971,2014,0.7011314186248913
5,left,com_ind-ind,0.9,2774,2971,2014,0.7011314186248913
5,left,com_ind-ind,1.0,2774,2971,2014,0.7011314186248913
5,right,com_ind-ind,0.05,196,196,34,0.173469387755102
5,right,com_ind-ind,0.1,393,393,104,0.2646310432569974
5,right,com_ind-ind,0.2,786,786,359,0.4567430025445292
5,right,com_ind-ind,0.3,1179,1179,642,0.544529262086514
5,right,com_ind-ind,0.4,1572,1572,949,0.6036895674300254
5,right,com_ind-ind,0.5,1964,1964,1291,0.6573319755600815
5,right,com_ind-ind,0.6,2357,2357,1683,0.7140432753500212
5,right,com_ind-ind,0.7,2750,2750,2137,0.777090909090909
5,right,com_ind-ind,0.8,3143,3143,2624,0.8348711422208082
5,right,com_ind-ind,0.9,3343,3226,2814,0.8567514081290912
5,right,com_ind-ind,1.0,3343,3226,2814,0.8567514081290912
5,left,com_phy-phy,0.05,220,220,164,0.7454545454545455
5,left,com_phy-phy,0.1,440,440,286,0.65
5,left,com_phy-phy,0.2,881,881,441,0.5005675368898979
5,left,com_phy-phy,0.3,1321,1321,590,0.4466313398940197
5,left,com_phy-phy,0.4,1762,1762,786,0.4460839954597049
5,left,com_phy-phy,0.5,2202,2202,1101,0.5
5,left,com_phy-phy,0.6,2577,2642,1528,0.5855527878904004
5,left,com_phy-phy,0.7,2577,2971,1716,0.6186012977649603
5,left,com_phy-phy,0.8,2577,2971,1716,0.6186012977649603
5,left,com_phy-phy,0.9,2577,2971,1716,0.6186012977649603
5,left,com_phy-phy,1.0,2577,2971,1716,0.6186012977649603
5,right,com_phy-phy,0.05,196,196,42,0.2142857142857142
5,right,com_phy-phy,0.1,393,393,117,0.2977099236641221
5,right,com_phy-phy,0.2,786,786,314,0.3994910941475827
5,right,com_phy-phy,0.3,1179,1179,553,0.469041560644614
5,right,com_phy-phy,0.4,1572,1572,825,0.5248091603053435
5,right,com_phy-phy,0.5,1964,1964,1166,0.5936863543788188
5,right,com_phy-phy,0.6,2357,2357,1594,0.6762834111158252
5,right,com_phy-phy,0.7,2750,2750,2051,0.7458181818181818
5,right,com_phy-phy,0.8,3143,3143,2607,0.8294622971683105
5,right,com_phy-phy,0.9,3267,3226,2760,0.8501463114122901
5,right,com_phy-phy,1.0,3267,3226,2760,0.8501463114122901
5,left,face_first-face_noncom,0.05,220,220,41,0.1863636363636363
5,left,face_first-face_noncom,0.1,440,440,117,0.2659090909090909
5,left,face_first-face_noncom,0.2,881,881,289,0.3280363223609535
5,left,face_first-face_noncom,0.3,1321,1321,505,0.3822861468584406
5,left,face_first-face_noncom,0.4,1762,1762,774,0.4392735527809308
5,left,face_first-face_noncom,0.5,2202,2202,1134,0.5149863760217984
5,left,face_first-face_noncom,0.6,2377,2642,1467,0.5845786013150029
5,left,face_first-face_noncom,0.7,2377,2971,1656,0.6192969334330591
5,left,face_first-face_noncom,0.8,2377,2971,1656,0.6192969334330591
5,left,face_first-face_noncom,0.9,2377,2971,1656,0.6192969334330591
5,left,face_first-face_noncom,1.0,2377,2971,1656,0.6192969334330591
5,right,face_first-face_noncom,0.05,196,196,10,0.0510204081632653
5,right,face_first-face_noncom,0.1,393,393,84,0.2137404580152671
5,right,face_first-face_noncom,0.2,786,786,290,0.3689567430025445
5,right,face_first-face_noncom,0.3,1179,1179,526,0.4461407972858354
5,right,face_first-face_noncom,0.4,1572,1572,796,0.5063613231552163
5,right,face_first-face_noncom,0.5,1964,1964,1130,0.575356415478615
5,right,face_first-face_noncom,0.6,2357,2357,1504,0.6380992787441663
5,right,face_first-face_noncom,0.7,2750,2750,1969,0.716
5,right,face_first-face_noncom,0.8,3013,3143,2404,0.7810266406757634
5,right,face_first-face_noncom,0.9,3013,3226,2464,0.7898701715018432
5,right,face_first-face_noncom,1.0,3013,3226,2464,0.7898701715018432
5,left,face_third-face_noncom,0.05,220,220,116,0.5272727272727272
5,left,face_third-face_noncom,0.1,440,440,239,0.5431818181818182
5,left,face_third-face_noncom,0.2,881,881,435,0.4937570942111237
5,left,face_third-face_noncom,0.3,1321,1321,638,0.4829674489023467
5,left,face_third-face_noncom,0.4,1762,1762,892,0.5062429057888763
5,left,face_third-face_noncom,0.5,2202,2202,1237,0.5617620345140781
5,left,face_third-face_noncom,0.6,2385,2642,1568,0.6238313109210265
5,left,face_third-face_noncom,0.7,2385,2971,1739,0.6493651979088872
5,left,face_third-face_noncom,0.8,2385,2971,1739,0.6493651979088872
5,left,face_third-face_noncom,0.9,2385,2971,1739,0.6493651979088872
5,left,face_third-face_noncom,1.0,2385,2971,1739,0.6493651979088872
5,right,face_third-face_noncom,0.05,196,196,18,0.0918367346938775
5,right,face_third-face_noncom,0.1,393,393,113,0.2875318066157761
5,right,face_third-face_noncom,0.2,786,786,323,0.410941475826972
5,right,face_third-face_noncom,0.3,1179,1179,567,0.4809160305343511
5,right,face_third-face_noncom,0.4,1572,1572,822,0.5229007633587787
5,right,face_third-face_noncom,0.5,1964,1964,1178,0.59979633401222
5,right,face_third-face_noncom,0.6,2357,2357,1587,0.6733135341535851
5,right,face_third-face_noncom,0.7,2750,2750,2025,0.7363636363636363
5,right,face_third-face_noncom,0.8,3004,3143,2451,0.7974621766715471
5,right,face_third-face_noncom,0.9,3004,3226,2502,0.8032102728731942
5,right,face_third-face_noncom,1.0,3004,3226,2502,0.8032102728731942
7,left,com_ind-ind,0.05,220,220,0,0.0
7,left,com_ind-ind,0.1,440,440,18,0.0409090909090909
7,left,com_ind-ind,0.2,881,881,97,0.1101021566401816
7,left,com_ind-ind,0.3,1061,1321,208,0.1746431570109152
7,left,com_ind-ind,0.4,1061,1762,289,0.2047467233439603
7,left,com_ind-ind,0.5,1061,2202,386,0.2365920931657983
7,left,com_ind-ind,0.6,1061,2642,480,0.2592492573588982
7,left,com_ind-ind,0.7,1061,3083,580,0.2799227799227799
7,left,com_ind-ind,0.8,1061,3490,698,0.3067457701604043
7,left,com_ind-ind,0.9,1061,3490,698,0.3067457701604043
7,left,com_ind-ind,1.0,1061,3490,698,0.3067457701604043
7,right,com_ind-ind,0.05,196,196,0,0.0
7,right,com_ind-ind,0.1,393,393,15,0.0381679389312977
7,right,com_ind-ind,0.2,786,786,77,0.0979643765903307
7,right,com_ind-ind,0.3,903,1179,155,0.148895292987512
7,right,com_ind-ind,0.4,903,1572,229,0.185050505050505
7,right,com_ind-ind,0.5,903,1964,317,0.22113707708406
7,right,com_ind-ind,0.6,903,2357,399,0.2447852760736196
7,right,com_ind-ind,0.7,903,2750,505,0.2764850807555434
7,right,com_ind-ind,0.8,903,3143,615,0.3040039545229857
7,right,com_ind-ind,0.9,903,3536,754,0.339716152286551
7,right,com_ind-ind,1.0,903,3703,824,0.3577941815023882
7,left,com_phy-phy,0.05,220,220,39,0.1772727272727272
7,left,com_phy-phy,0.1,440,440,70,0.1590909090909091
7,left,com_phy-phy,0.2,881,881,169,0.191827468785471
7,left,com_phy-phy,0.3,1321,1321,356,0.2694928084784254
7,left,com_phy-phy,0.4,1762,1762,681,0.3864926220204313
7,left,com_phy-phy,0.5,1953,2202,1000,0.4813477737665463
7,left,com_phy-phy,0.6,1953,2642,1230,0.5353645266594124
7,left,com_phy-phy,0.7,1953,3083,1468,0.5830023828435266
7,left,com_phy-phy,0.8,1953,3490,1653,0.6073856329230204
7,left,com_phy-phy,0.9,1953,3490,1653,0.6073856329230204
7,left,com_phy-phy,1.0,1953,3490,1653,0.6073856329230204
7,right,com_phy-phy,0.05,196,196,21,0.1071428571428571
7,right,com_phy-phy,0.1,393,393,73,0.1857506361323155
7,right,com_phy-phy,0.2,786,786,225,0.2862595419847328
7,right,com_phy-phy,0.3,1179,1179,431,0.3655640373197625
7,right,com_phy-phy,0.4,1572,1572,713,0.4535623409669211
7,right,com_phy-phy,0.5,1845,1964,990,0.5198214754528747
7,right,com_phy-phy,0.6,1845,2357,1158,0.5511661113755355
7,right,com_phy-phy,0.7,1845,2750,1321,0.5749727965179543
7,right,com_phy-phy,0.8,1845,3143,1493,0.5986367281475541
7,right,com_phy-phy,0.9,1845,3536,1670,0.6207024716595428
7,right,com_phy-phy,1.0,1845,3703,1761,0.6348233597692863
7,left,face_first-face_noncom,0.05,220,220,2,0.009090909090909
7,left,face_first-face_noncom,0.1,440,440,33,0.075
7,left,face_first-face_noncom,0.2,881,881,186,0.2111237230419977
7,left,face_first-face_noncom,0.3,1321,1321,521,0.3943981831945495
7,left,face_first-face_noncom,0.4,1762,1762,927,0.5261066969353008
7,left,face_first-face_noncom,0.5,2202,2202,1359,0.6171662125340599
7,left,face_first-face_noncom,0.6,2642,2642,1835,0.694549583648751
7,left,face_first-face_noncom,0.7,3083,3083,2390,0.775218942588388
7,left,face_first-face_noncom,0.8,3240,3490,2775,0.8246656760772659
7,left,face_first-face_noncom,0.9,3240,3490,2775,0.8246656760772659
7,left,face_first-face_noncom,1.0,3240,3490,2775,0.8246656760772659
7,right,face_first-face_noncom,0.05,196,196,0,0.0
7,right,face_first-face_noncom,0.1,393,393,1,0.0025445292620865
7,right,face_first-face_noncom,0.2,786,786,44,0.0559796437659033
7,right,face_first-face_noncom,0.3,1179,1179,162,0.1374045801526717
7,right,face_first-face_noncom,0.4,1572,1572,384,0.2442748091603053
7,right,face_first-face_noncom,0.5,1964,1964,726,0.3696537678207739
7,right,face_first-face_noncom,0.6,2357,2357,1205,0.5112431056427662
7,right,face_first-face_noncom,0.7,2750,2750,1825,0.6636363636363637
7,right,face_first-face_noncom,0.8,3143,3143,2509,0.798281896277442
7,right,face_first-face_noncom,0.9,3431,3536,3109,0.892493182144395
7,right,face_first-face_noncom,1.0,3431,3703,3249,0.9108494533221194
7,left,face_third-face_noncom,0.05,220,220,6,0.0272727272727272
7,left,face_third-face_noncom,0.1,440,440,48,0.109090909090909
7,left,face_third-face_noncom,0.2,881,881,259,0.2939841089670829
7,left,face_third-face_noncom,0.3,1321,1321,610,0.4617713853141559
7,left,face_third-face_noncom,0.4,1762,1762,999,0.5669693530079455
7,left,face_third-face_noncom,0.5,2202,2202,1422,0.6457765667574932
7,left,face_third-face_noncom,0.6,2311,2642,1679,0.6779729456894811
7,left,face_third-face_noncom,0.7,2311,3083,1861,0.6900259547645532
7,left,face_third-face_noncom,0.8,2311,3490,2016,0.6950525771418721
7,left,face_third-face_noncom,0.9,2311,3490,2016,0.6950525771418721
7,left,face_third-face_noncom,1.0,2311,3490,2016,0.6950525771418721
7,right,face_third-face_noncom,0.05,196,196,0,0.0
7,right,face_third-face_noncom,0.1,393,393,13,0.0330788804071246
7,right,face_third-face_noncom,0.2,786,786,89,0.1132315521628498
7,right,face_third-face_noncom,0.3,1179,1179,268,0.2273112807463952
7,right,face_third-face_noncom,0.4,1572,1572,531,0.3377862595419847
7,right,face_third-face_noncom,0.5,1964,1964,906,0.4613034623217922
7,right,face_third-face_noncom,0.6,2357,2357,1364,0.5787017394993635
7,right,face_third-face_noncom,0.7,2750,2750,1898,0.6901818181818182
7,right,face_third-face_noncom,0.8,3143,3143,2518,0.8011454024817054
7,right,face_third-face_noncom,0.9,3479,3536,3156,0.8997861724875267
7,right,face_third-face_noncom,1.0,3479,3703,3294,0.9172932330827068
8,left,com_ind-ind,0.05,220,220,37,0.1681818181818181
8,left,com_ind-ind,0.1,440,440,97,0.2204545454545454
8,left,com_ind-ind,0.2,881,881,226,0.2565266742338252
8,left,com_ind-ind,0.3,1321,1321,383,0.2899318697956093
8,left,com_ind-ind,0.4,1762,1426,527,0.3306148055207026
8,left,com_ind-ind,0.5,2202,1426,652,0.3594266813671444
8,left,com_ind-ind,0.6,2642,1426,782,0.3844641101278269
8,left,com_ind-ind,0.7,2793,1426,827,0.392036027494667
8,left,com_ind-ind,0.8,2793,1426,827,0.392036027494667
8,left,com_ind-ind,0.9,2793,1426,827,0.392036027494667
8,left,com_ind-ind,1.0,2793,1426,827,0.392036027494667
8,right,com_ind-ind,0.05,196,196,31,0.1581632653061224
8,right,com_ind-ind,0.1,393,393,98,0.2493638676844783
8,right,com_ind-ind,0.2,786,786,267,0.3396946564885496
8,right,com_ind-ind,0.3,1179,1179,452,0.3833757421543681
8,right,com_ind-ind,0.4,1572,1572,708,0.4503816793893129
8,right,com_ind-ind,0.5,1964,1964,1013,0.5157841140529531
8,right,com_ind-ind,0.6,2357,2026,1221,0.5571526351813826
8,right,com_ind-ind,0.7,2696,2026,1381,0.5849216433714528
8,right,com_ind-ind,0.8,2696,2026,1381,0.5849216433714528
8,right,com_ind-ind,0.9,2696,2026,1381,0.5849216433714528
8,right,com_ind-ind,1.0,2696,2026,1381,0.5849216433714528
8,left,com_phy-phy,0.05,220,220,34,0.1545454545454545
8,left,com_phy-phy,0.1,440,440,133,0.3022727272727272
8,left,com_phy-phy,0.2,881,881,345,0.3916004540295119
8,left,com_phy-phy,0.3,1321,1321,598,0.4526873580620741
8,left,com_phy-phy,0.4,1762,1426,762,0.4780426599749059
8,left,com_phy-phy,0.5,2202,1426,912,0.5027563395810364
8,left,com_phy-phy,0.6,2642,1426,1044,0.5132743362831859
8,left,com_phy-phy,0.7,2779,1426,1073,0.5103448275862069
8,left,com_phy-phy,0.8,2779,1426,1073,0.5103448275862069
8,left,com_phy-phy,0.9,2779,1426,1073,0.5103448275862069
8,left,com_phy-phy,1.0,2779,1426,1073,0.5103448275862069
8,right,com_phy-phy,0.05,196,196,51,0.2602040816326531
8,right,com_phy-phy,0.1,393,393,113,0.2875318066157761
8,right,com_phy-phy,0.2,786,786,283,0.3600508905852417
8,right,com_phy-phy,0.3,1179,1179,555,0.4707379134860051
8,right,com_phy-phy,0.4,1572,1572,871,0.5540712468193384
8,right,com_phy-phy,0.5,1964,1964,1225,0.6237270875763747
8,right,com_phy-phy,0.6,2196,2026,1340,0.6347702510658456
8,right,com_phy-phy,0.7,2196,2026,1340,0.6347702510658456
8,right,com_phy-phy,0.8,2196,2026,1340,0.6347702510658456
8,right,com_phy-phy,0.9,2196,2026,1340,0.6347702510658456
8,right,com_phy-phy,1.0,2196,2026,1340,0.6347702510658456
8,left,face_first-face_noncom,0.05,220,220,21,0.0954545454545454
8,left,face_first-face_noncom,0.1,440,440,92,0.209090909090909
8,left,face_first-face_noncom,0.2,881,881,269,0.3053348467650397
8,left,face_first-face_noncom,0.3,1321,1321,484,0.3663890991672975
8,left,face_first-face_noncom,0.4,1762,1426,634,0.397741530740276
8,left,face_first-face_noncom,0.5,2202,1426,741,0.4084895259095921
8,left,face_first-face_noncom,0.6,2642,1426,868,0.4267453294001966
8,left,face_first-face_noncom,0.7,2748,1426,894,0.4283660757067561
8,left,face_first-face_noncom,0.8,2748,1426,894,0.4283660757067561
8,left,face_first-face_noncom,0.9,2748,1426,894,0.4283660757067561
8,left,face_first-face_noncom,1.0,2748,1426,894,0.4283660757067561
8,right,face_first-face_noncom,0.05,196,196,53,0.2704081632653061
8,right,face_first-face_noncom,0.1,393,393,102,0.2595419847328244
8,right,face_first-face_noncom,0.2,786,786,248,0.3155216284987277
8,right,face_first-face_noncom,0.3,1179,1179,478,0.4054283290924512
8,right,face_first-face_noncom,0.4,1572,1572,720,0.4580152671755725
8,right,face_first-face_noncom,0.5,1964,1964,1007,0.5127291242362525
8,right,face_first-face_noncom,0.6,2299,2026,1200,0.5549132947976878
8,right,face_first-face_noncom,0.7,2299,2026,1200,0.5549132947976878
8,right,face_first-face_noncom,0.8,2299,2026,1200,0.5549132947976878
8,right,face_first-face_noncom,0.9,2299,2026,1200,0.5549132947976878
8,right,face_first-face_noncom,1.0,2299,2026,1200,0.5549132947976878
8,left,face_third-face_noncom,0.05,220,220,17,0.0772727272727272
8,left,face_third-face_noncom,0.1,440,440,86,0.1954545454545454
8,left,face_third-face_noncom,0.2,881,881,299,0.3393870601589103
8,left,face_third-face_noncom,0.3,1321,1321,562,0.4254352763058289
8,left,face_third-face_noncom,0.4,1762,1426,746,0.4680050188205771
8,left,face_third-face_noncom,0.5,2202,1426,874,0.4818081587651598
8,left,face_third-face_noncom,0.6,2642,1426,1001,0.492133726647001
8,left,face_third-face_noncom,0.7,2936,1426,1074,0.4924346629986245
8,left,face_third-face_noncom,0.8,2936,1426,1074,0.4924346629986245
8,left,face_third-face_noncom,0.9,2936,1426,1074,0.4924346629986245
8,left,face_third-face_noncom,1.0,2936,1426,1074,0.4924346629986245
8,right,face_third-face_noncom,0.05,196,196,59,0.3010204081632653
8,right,face_third-face_noncom,0.1,393,393,107,0.272264631043257
8,right,face_third-face_noncom,0.2,786,786,277,0.3524173027989822
8,right,face_third-face_noncom,0.3,1179,1179,492,0.4173027989821883
8,right,face_third-face_noncom,0.4,1572,1572,736,0.4681933842239186
8,right,face_third-face_noncom,0.5,1964,1964,1060,0.539714867617108
8,right,face_third-face_noncom,0.6,2357,2026,1292,0.5895505361624458
8,right,face_third-face_noncom,0.7,2696,2026,1475,0.6247352816603134
8,right,face_third-face_noncom,0.8,2696,2026,1475,0.6247352816603134
8,right,face_third-face_noncom,0.9,2696,2026,1475,0.6247352816603134
8,right,face_third-face_noncom,1.0,2696,2026,1475,0.6247352816603134
9,left,com_ind-ind,0.05,220,220,48,0.2181818181818181
9,left,com_ind-ind,0.1,440,440,127,0.2886363636363636
9,left,com_ind-ind,0.2,881,881,298,0.3382519863791146
9,left,com_ind-ind,0.3,1321,1321,517,0.3913701741105223
9,left,com_ind-ind,0.4,1762,1762,836,0.474460839954597
9,left,com_ind-ind,0.5,2202,2202,1253,0.5690281562216167
9,left,com_ind-ind,0.6,2642,2642,1762,0.6669190007570023
9,left,com_ind-ind,0.7,3083,3083,2337,0.7580278949075576
9,left,com_ind-ind,0.8,3354,3523,2830,0.8230332994038098
9,left,com_ind-ind,0.9,3354,3526,2833,0.8235465116279069
9,left,com_ind-ind,1.0,3354,3526,2833,0.8235465116279069
9,right,com_ind-ind,0.05,196,196,69,0.3520408163265306
9,right,com_ind-ind,0.1,393,393,169,0.4300254452926209
9,right,com_ind-ind,0.2,786,786,387,0.4923664122137404
9,right,com_ind-ind,0.3,1179,1179,654,0.55470737913486
9,right,com_ind-ind,0.4,1572,1572,947,0.6024173027989822
9,right,com_ind-ind,0.5,1964,1964,1263,0.6430753564154786
9,right,com_ind-ind,0.6,2357,2357,1630,0.6915570640644888
9,right,com_ind-ind,0.7,2501,2750,1907,0.7263378404113502
9,right,com_ind-ind,0.8,2501,3143,2115,0.7494684620836286
9,right,com_ind-ind,0.9,2501,3453,2287,0.7682230433322136
9,right,com_ind-ind,1.0,2501,3453,2287,0.7682230433322136
9,left,com_phy-phy,0.05,220,220,10,0.0454545454545454
9,left,com_phy-phy,0.1,440,440,36,0.0818181818181818
9,left,com_phy-phy,0.2,881,881,113,0.1282633371169126
9,left,com_phy-phy,0.3,1321,1321,306,0.2316426949280847
9,left,com_phy-phy,0.4,1762,1762,638,0.3620885357548241
9,left,com_phy-phy,0.5,2202,2202,1095,0.497275204359673
9,left,com_phy-phy,0.6,2298,2642,1423,0.5761133603238866
9,left,com_phy-phy,0.7,2298,3083,1709,0.6351979186024902
9,left,com_phy-phy,0.8,2298,3523,2002,0.6878543205634771
9,left,com_phy-phy,0.9,2298,3526,2004,0.6881868131868132
9,left,com_phy-phy,1.0,2298,3526,2004,0.6881868131868132
9,right,com_phy-phy,0.05,196,196,56,0.2857142857142857
9,right,com_phy-phy,0.1,393,393,135,0.3435114503816794
9,right,com_phy-phy,0.2,786,786,326,0.4147582697201017
9,right,com_phy-phy,0.3,1179,1179,597,0.5063613231552163
9,right,com_phy-phy,0.4,1572,1572,900,0.5725190839694656
9,right,com_phy-phy,0.5,1658,1964,1110,0.6129210381004969
9,right,com_phy-phy,0.6,1658,2357,1250,0.6226650062266501
9,right,com_phy-phy,0.7,1658,2750,1384,0.6279491833030852
9,right,com_phy-phy,0.8,1658,3143,1505,0.6269527181837117
9,right,com_phy-phy,0.9,1658,3453,1594,0.6237526902758755
9,right,com_phy-phy,1.0,1658,3453,1594,0.6237526902758755
9,left,face_first-face_noncom,0.05,220,220,20,0.0909090909090909
9,left,face_first-face_noncom,0.1,440,440,86,0.1954545454545454
9,left,face_first-face_noncom,0.2,881,881,281,0.318955732122588
9,left,face_first-face_noncom,0.3,1321,1321,551,0.417108251324754
9,left,face_first-face_noncom,0.4,1475,1762,807,0.4986098239110287
9,left,face_first-face_noncom,0.5,1475,2202,957,0.5205330432417732
9,left,face_first-face_noncom,0.6,1475,2642,1107,0.537770221034734
9,left,face_first-face_noncom,0.7,1475,3083,1228,0.5388328214129003
9,left,face_first-face_noncom,0.8,1475,3523,1333,0.5334133653461385
9,left,face_first-face_noncom,0.9,1475,3526,1335,0.5338932213557288
9,left,face_first-face_noncom,1.0,1475,3526,1335,0.5338932213557288
9,right,face_first-face_noncom,0.05,196,196,62,0.3163265306122449
9,right,face_first-face_noncom,0.1,393,393,106,0.2697201017811705
9,right,face_first-face_noncom,0.2,786,786,201,0.2557251908396946
9,right,face_first-face_noncom,0.3,1179,1179,393,0.3333333333333333
9,right,face_first-face_noncom,0.4,1572,1572,692,0.4402035623409669
9,right,face_first-face_noncom,0.5,1964,1964,1098,0.5590631364562119
9,right,face_first-face_noncom,0.6,2357,2357,1558,0.6610097581671617
9,right,face_first-face_noncom,0.7,2527,2750,1917,0.7265491756679932
9,right,face_first-face_noncom,0.8,2527,3143,2147,0.7573192239858907
9,right,face_first-face_noncom,0.9,2527,3453,2321,0.7762541806020067
9,right,face_first-face_noncom,1.0,2527,3453,2321,0.7762541806020067
9,left,face_third-face_noncom,0.05,220,220,26,0.1181818181818181
9,left,face_third-face_noncom,0.1,440,440,104,0.2363636363636363
9,left,face_third-face_noncom,0.2,881,881,290,0.3291713961407491
9,left,face_third-face_noncom,0.3,1321,1321,572,0.433005299015897
9,left,face_third-face_noncom,0.4,1762,1762,977,0.554483541430193
9,left,face_third-face_noncom,0.5,2202,2202,1418,0.6439600363306085
9,left,face_third-face_noncom,0.6,2327,2642,1726,0.6947071845441739
9,left,face_third-face_noncom,0.7,2327,3083,1910,0.7060998151571165
9,left,face_third-face_noncom,0.8,2327,3523,2067,0.7066666666666667
9,left,face_third-face_noncom,0.9,2327,3526,2069,0.7069878694686486
9,left,face_third-face_noncom,1.0,2327,3526,2069,0.7069878694686486
9,right,face_third-face_noncom,0.05,196,196,59,0.3010204081632653
9,right,face_third-face_noncom,0.1,393,393,109,0.27735368956743
9,right,face_third-face_noncom,0.2,786,786,223,0.2837150127226463
9,right,face_third-face_noncom,0.3,1179,1179,434,0.368108566581849
9,right,face_third-face_noncom,0.4,1572,1572,719,0.4573791348600509
9,right,face_third-face_noncom,0.5,1964,1964,1084,0.5519348268839104
9,right,face_third-face_noncom,0.6,2357,2357,1542,0.6542214679677556
9,right,face_third-face_noncom,0.7,2750,2750,2044,0.7432727272727273
9,right,face_third-face_noncom,0.8,2771,3143,2319,0.7842407845789652
9,right,face_third-face_noncom,0.9,2771,3453,2539,0.8158740359897172
9,right,face_third-face_noncom,1.0,2771,3453,2539,0.8158740359897172
11,left,com_ind-ind,0.05,220,220,54,0.2454545454545454
11,left,com_ind-ind,0.1,440,440,180,0.4090909090909091
11,left,com_ind-ind,0.2,881,881,484,0.5493757094211124
11,left,com_ind-ind,0.3,1321,1321,844,0.6389099167297502
11,left,com_ind-ind,0.4,1762,1762,1217,0.6906923950056754
11,left,com_ind-ind,0.5,2202,2202,1580,0.7175295186194369
11,left,com_ind-ind,0.6,2642,2642,1978,0.7486752460257381
11,left,com_ind-ind,0.7,3083,3083,2447,0.7937074278300357
11,left,com_ind-ind,0.8,3480,3484,2906,0.8345778288340034
11,left,com_ind-ind,0.9,3480,3484,2906,0.8345778288340034
11,left,com_ind-ind,1.0,3480,3484,2906,0.8345778288340034
11,right,com_ind-ind,0.05,196,196,24,0.1224489795918367
11,right,com_ind-ind,0.1,393,393,104,0.2646310432569974
11,right,com_ind-ind,0.2,786,786,365,0.4643765903307888
11,right,com_ind-ind,0.3,1179,1179,696,0.5903307888040712
11,right,com_ind-ind,0.4,1572,1572,1019,0.6482188295165394
11,right,com_ind-ind,0.5,1964,1964,1393,0.7092668024439919
11,right,com_ind-ind,0.6,2334,2357,1804,0.7691323811554039
11,right,com_ind-ind,0.7,2334,2750,1993,0.7840283241542093
11,right,com_ind-ind,0.8,2334,3143,2150,0.7851013328464488
11,right,com_ind-ind,0.9,2334,3180,2161,0.7838229960101559
11,right,com_ind-ind,1.0,2334,3180,2161,0.7838229960101559
11,left,com_phy-phy,0.05,220,220,61,0.2772727272727273
11,left,com_phy-phy,0.1,440,440,124,0.2818181818181818
11,left,com_phy-phy,0.2,881,881,298,0.3382519863791146
11,left,com_phy-phy,0.3,1321,1321,533,0.4034822104466313
11,left,com_phy-phy,0.4,1762,1762,855,0.485244040862656
11,left,com_phy-phy,0.5,1958,2202,1149,0.5524038461538462
11,left,com_phy-phy,0.6,1958,2642,1316,0.5721739130434783
11,left,com_phy-phy,0.7,1958,3083,1474,0.584804602261456
11,left,com_phy-phy,0.8,1958,3484,1605,0.5898566703417861
11,left,com_phy-phy,0.9,1958,3484,1605,0.5898566703417861
11,left,com_phy-phy,1.0,1958,3484,1605,0.5898566703417861
11,right,com_phy-phy,0.05,196,196,42,0.2142857142857142
11,right,com_phy-phy,0.1,393,393,89,0.2264631043256997
11,right,com_phy-phy,0.2,786,786,247,0.3142493638676845
11,right,com_phy-phy,0.3,1179,1179,489,0.4147582697201017
11,right,com_phy-phy,0.4,1572,1572,797,0.5069974554707379
11,right,com_phy-phy,0.5,1964,1964,1206,0.6140529531568228
11,right,com_phy-phy,0.6,2235,2357,1561,0.6798780487804879
11,right,com_phy-phy,0.7,2235,2750,1772,0.7109327983951855
11,right,com_phy-phy,0.8,2235,3143,1929,0.7173670509483079
11,right,com_phy-phy,0.9,2235,3180,1946,0.7187442289935365
11,right,com_phy-phy,1.0,2235,3180,1946,0.7187442289935365
11,left,face_first-face_noncom,0.05,220,220,22,0.1
11,left,face_first-face_noncom,0.1,440,440,72,0.1636363636363636
11,left,face_first-face_noncom,0.2,881,881,300,0.340522133938706
11,left,face_first-face_noncom,0.3,1321,1321,551,0.417108251324754
11,left,face_first-face_noncom,0.4,1762,1762,846,0.4801362088535755
11,left,face_first-face_noncom,0.5,2202,2202,1189,0.5399636693914623
11,left,face_first-face_noncom,0.6,2642,2642,1643,0.621877365632097
11,left,face_first-face_noncom,0.7,3083,3083,2106,0.6831008757703535
11,left,face_first-face_noncom,0.8,3273,3484,2493,0.7379014355483202
11,left,face_first-face_noncom,0.9,3273,3484,2493,0.7379014355483202
11,left,face_first-face_noncom,1.0,3273,3484,2493,0.7379014355483202
11,right,face_first-face_noncom,0.05,196,196,40,0.2040816326530612
11,right,face_first-face_noncom,0.1,393,393,105,0.2671755725190839
11,right,face_first-face_noncom,0.2,786,786,342,0.4351145038167939
11,right,face_first-face_noncom,0.3,1179,1179,637,0.5402883799830365
11,right,face_first-face_noncom,0.4,1572,1572,970,0.6170483460559797
11,right,face_first-face_noncom,0.5,1964,1964,1291,0.6573319755600815
11,right,face_first-face_noncom,0.6,2357,2357,1661,0.704709376325838
11,right,face_first-face_noncom,0.7,2750,2750,2114,0.7687272727272727
11,right,face_first-face_noncom,0.8,3143,3143,2618,0.8329621380846325
11,right,face_first-face_noncom,0.9,3536,3180,2913,0.8674806432400238
11,right,face_first-face_noncom,1.0,3691,3180,3030,0.8819676902925339
11,left,face_third-face_noncom,0.05,220,220,14,0.0636363636363636
11,left,face_third-face_noncom,0.1,440,440,62,0.1409090909090909
11,left,face_third-face_noncom,0.2,881,881,230,0.2610669693530079
11,left,face_third-face_noncom,0.3,1321,1321,506,0.3830431491294473
11,left,face_third-face_noncom,0.4,1762,1762,829,0.4704880817253121
11,left,face_third-face_noncom,0.5,2202,2202,1207,0.5481380563124433
11,left,face_third-face_noncom,0.6,2586,2642,1593,0.6094108645753634
11,left,face_third-face_noncom,0.7,2586,3083,1802,0.635738225436585
11,left,face_third-face_noncom,0.8,2586,3484,2017,0.6645799011532125
11,left,face_third-face_noncom,0.9,2586,3484,2017,0.6645799011532125
11,left,face_third-face_noncom,1.0,2586,3484,2017,0.6645799011532125
11,right,face_third-face_noncom,0.05,196,196,28,0.1428571428571428
11,right,face_third-face_noncom,0.1,393,393,80,0.2035623409669211
11,right,face_third-face_noncom,0.2,786,786,271,0.3447837150127226
11,right,face_third-face_noncom,0.3,1179,1179,520,0.4410517387616624
11,right,face_third-face_noncom,0.4,1572,1572,817,0.5197201017811705
11,right,face_third-face_noncom,0.5,1964,1964,1163,0.5921588594704684
11,right,face_third-face_noncom,0.6,2357,2357,1551,0.6580398812049215
11,right,face_third-face_noncom,0.7,2558,2750,1887,0.7110022607385079
11,right,face_third-face_noncom,0.8,2558,3143,2129,0.7468865111383968
11,right,face_third-face_noncom,0.9,2558,3180,2152,0.7500871383757407
11,right,face_third-face_noncom,1.0,2558,3180,2152,0.7500871383757407
12,left,com_ind-ind,0.05,220,220,0,0.0
12,left,com_ind-ind,0.1,440,440,14,0.0318181818181818
12,left,com_ind-ind,0.2,881,881,165,0.1872871736662883
12,left,com_ind-ind,0.3,1321,1321,413,0.3126419379258138
12,left,com_ind-ind,0.4,1762,1762,783,0.4443813847900113
12,left,com_ind-ind,0.5,2075,2202,1178,0.5508534019172318
12,left,com_ind-ind,0.6,2075,2642,1407,0.596565613737545
12,left,com_ind-ind,0.7,2075,2849,1510,0.6133225020308692
12,left,com_ind-ind,0.8,2075,2849,1510,0.6133225020308692
12,left,com_ind-ind,0.9,2075,2849,1510,0.6133225020308692
12,left,com_ind-ind,1.0,2075,2849,1510,0.6133225020308692
12,right,com_ind-ind,0.05,196,196,118,0.6020408163265306
12,right,com_ind-ind,0.1,393,393,235,0.5979643765903307
12,right,com_ind-ind,0.2,786,786,501,0.6374045801526718
12,right,com_ind-ind,0.3,1179,1179,725,0.6149279050042409
12,right,com_ind-ind,0.4,1572,1572,1000,0.6361323155216285
12,right,com_ind-ind,0.5,1964,1964,1311,0.6675152749490835
12,right,com_ind-ind,0.6,2357,2357,1690,0.7170131523122614
12,right,com_ind-ind,0.7,2670,2433,1906,0.7470115618263766
12,right,com_ind-ind,0.8,2670,2433,1906,0.7470115618263766
12,right,com_ind-ind,0.9,2670,2433,1906,0.7470115618263766
12,right,com_ind-ind,1.0,2670,2433,1906,0.7470115618263766
12,left,com_phy-phy,0.05,220,220,17,0.0772727272727272
12,left,com_phy-phy,0.1,440,440,60,0.1363636363636363
12,left,com_phy-phy,0.2,881,881,177,0.2009080590238365
12,left,com_phy-phy,0.3,1321,1321,344,0.2604087812263437
12,left,com_phy-phy,0.4,1762,1762,632,0.358683314415437
12,left,com_phy-phy,0.5,1846,2202,808,0.3992094861660079
12,left,com_phy-phy,0.6,1846,2642,942,0.4197860962566845
12,left,com_phy-phy,0.7,1846,2849,1021,0.4349307774227902
12,left,com_phy-phy,0.8,1846,2849,1021,0.4349307774227902
12,left,com_phy-phy,0.9,1846,2849,1021,0.4349307774227902
12,left,com_phy-phy,1.0,1846,2849,1021,0.4349307774227902
12,right,com_phy-phy,0.05,196,196,9,0.0459183673469387
12,right,com_phy-phy,0.1,393,393,34,0.0865139949109414
12,right,com_phy-phy,0.2,786,786,139,0.1768447837150127
12,right,com_phy-phy,0.3,1179,1179,317,0.268871925360475
12,right,com_phy-phy,0.4,1572,1572,603,0.383587786259542
12,right,com_phy-phy,0.5,1699,1964,852,0.4651924651924652
12,right,com_phy-phy,0.6,1699,2357,1044,0.514792899408284
12,right,com_phy-phy,0.7,1699,2433,1078,0.5217812197483059
12,right,com_phy-phy,0.8,1699,2433,1078,0.5217812197483059
12,right,com_phy-phy,0.9,1699,2433,1078,0.5217812197483059
12,right,com_phy-phy,1.0,1699,2433,1078,0.5217812197483059
12,left,face_first-face_noncom,0.05,220,220,74,0.3363636363636363
12,left,face_first-face_noncom,0.1,440,440,189,0.4295454545454545
12,left,face_first-face_noncom,0.2,881,881,414,0.4699205448354143
12,left,face_first-face_noncom,0.3,1321,1321,677,0.5124905374716124
12,left,face_first-face_noncom,0.4,1762,1762,1038,0.5891032917139614
12,left,face_first-face_noncom,0.5,2202,2202,1434,0.6512261580381471
12,left,face_first-face_noncom,0.6,2596,2642,1872,0.7147766323024055
12,left,face_first-face_noncom,0.7,2596,2849,1985,0.72910927456382
12,left,face_first-face_noncom,0.8,2596,2849,1985,0.72910927456382
12,left,face_first-face_noncom,0.9,2596,2849,1985,0.72910927456382
12,left,face_first-face_noncom,1.0,2596,2849,1985,0.72910927456382
12,right,face_first-face_noncom,0.05,196,196,22,0.1122448979591836
12,right,face_first-face_noncom,0.1,393,393,116,0.2951653944020356
12,right,face_first-face_noncom,0.2,786,786,384,0.4885496183206106
12,right,face_first-face_noncom,0.3,1179,1179,681,0.5776081424936387
12,right,face_first-face_noncom,0.4,1572,1572,984,0.6259541984732825
12,right,face_first-face_noncom,0.5,1964,1964,1286,0.654786150712831
12,right,face_first-face_noncom,0.6,2357,2357,1631,0.6919813322019517
12,right,face_first-face_noncom,0.7,2750,2433,1866,0.7200463052286321
12,right,face_first-face_noncom,0.8,2993,2433,1974,0.7276078142277921
12,right,face_first-face_noncom,0.9,2993,2433,1974,0.7276078142277921
12,right,face_first-face_noncom,1.0,2993,2433,1974,0.7276078142277921
12,left,face_third-face_noncom,0.05,220,220,48,0.2181818181818181
12,left,face_third-face_noncom,0.1,440,440,136,0.3090909090909091
12,left,face_third-face_noncom,0.2,881,881,358,0.4063564131668558
12,left,face_third-face_noncom,0.3,1321,1321,581,0.4398183194549583
12,left,face_third-face_noncom,0.4,1762,1762,858,0.4869466515323496
12,left,face_third-face_noncom,0.5,2202,2202,1187,0.53905540417802
12,left,face_third-face_noncom,0.6,2642,2642,1633,0.6180923542770629
12,left,face_third-face_noncom,0.7,2762,2849,1817,0.6476563892354305
12,left,face_third-face_noncom,0.8,2762,2849,1817,0.6476563892354305
12,left,face_third-face_noncom,0.9,2762,2849,1817,0.6476563892354305
12,left,face_third-face_noncom,1.0,2762,2849,1817,0.6476563892354305
12,right,face_third-face_noncom,0.05,196,196,31,0.1581632653061224
12,right,face_third-face_noncom,0.1,393,393,117,0.2977099236641221
12,right,face_third-face_noncom,0.2,786,786,353,0.4491094147582697
12,right,face_third-face_noncom,0.3,1179,1179,603,0.5114503816793893
12,right,face_third-face_noncom,0.4,1572,1572,867,0.5515267175572519
12,right,face_third-face_noncom,0.5,1964,1964,1153,0.5870672097759674
12,right,face_third-face_noncom,0.6,2357,2357,1515,0.642766228256258
12,right,face_third-face_noncom,0.7,2750,2433,1784,0.68840439899672
12,right,face_third-face_noncom,0.8,2829,2433,1831,0.6959331052831623
12,right,face_third-face_noncom,0.9,2829,2433,1831,0.6959331052831623
12,right,face_third-face_noncom,1.0,2829,2433,1831,0.6959331052831623
13,left,com_ind-ind,0.05,220,220,5,0.0227272727272727
13,left,com_ind-ind,0.1,440,335,13,0.0335483870967741
13,left,com_ind-ind,0.2,881,335,31,0.0509868421052631
13,left,com_ind-ind,0.3,1321,335,41,0.0495169082125603
13,left,com_ind-ind,0.4,1762,335,58,0.055317119694802
13,left,com_ind-ind,0.5,2202,335,81,0.0638549467875443
13,left,com_ind-ind,0.6,2642,335,111,0.0745717164931138
13,left,com_ind-ind,0.7,3083,335,140,0.0819192510239906
13,left,com_ind-ind,0.8,3523,335,172,0.0891653706583722
13,left,com_ind-ind,0.9,3754,335,203,0.0992907801418439
13,left,com_ind-ind,1.0,3754,335,203,0.0992907801418439
13,right,com_ind-ind,0.05,196,196,22,0.1122448979591836
13,right,com_ind-ind,0.1,393,249,30,0.0934579439252336
13,right,com_ind-ind,0.2,786,249,40,0.0772946859903381
13,right,com_ind-ind,0.3,1179,249,57,0.0798319327731092
13,right,com_ind-ind,0.4,1572,249,77,0.0845689181768259
13,right,com_ind-ind,0.5,1964,249,95,0.0858563036601897
13,right,com_ind-ind,0.6,2357,249,121,0.0928626247122026
13,right,com_ind-ind,0.7,2750,249,144,0.0960320106702234
13,right,com_ind-ind,0.8,3143,249,175,0.1031839622641509
13,right,com_ind-ind,0.9,3433,249,199,0.1080934274850624
13,right,com_ind-ind,1.0,3433,249,199,0.1080934274850624
13,left,com_phy-phy,0.05,220,220,28,0.1272727272727272
13,left,com_phy-phy,0.1,440,335,76,0.1961290322580645
13,left,com_phy-phy,0.2,572,335,97,0.2138919514884233
13,left,com_phy-phy,0.3,572,335,97,0.2138919514884233
13,left,com_phy-phy,0.4,572,335,97,0.2138919514884233
13,left,com_phy-phy,0.5,572,335,97,0.2138919514884233
13,left,com_phy-phy,0.6,572,335,97,0.2138919514884233
13,left,com_phy-phy,0.7,572,335,97,0.2138919514884233
13,left,com_phy-phy,0.8,572,335,97,0.2138919514884233
13,left,com_phy-phy,0.9,572,335,97,0.2138919514884233
13,left,com_phy-phy,1.0,572,335,97,0.2138919514884233
13,right,com_phy-phy,0.05,196,196,36,0.1836734693877551
13,right,com_phy-phy,0.1,393,249,60,0.1869158878504672
13,right,com_phy-phy,0.2,646,249,89,0.1988826815642458
13,right,com_phy-phy,0.3,646,249,89,0.1988826815642458
13,right,com_phy-phy,0.4,646,249,89,0.1988826815642458
13,right,com_phy-phy,0.5,646,249,89,0.1988826815642458
13,right,com_phy-phy,0.6,646,249,89,0.1988826815642458
13,right,com_phy-phy,0.7,646,249,89,0.1988826815642458
13,right,com_phy-phy,0.8,646,249,89,0.1988826815642458
13,right,com_phy-phy,0.9,646,249,89,0.1988826815642458
13,right,com_phy-phy,1.0,646,249,89,0.1988826815642458
13,left,face_first-face_noncom,0.05,220,220,0,0.0
13,left,face_first-face_noncom,0.1,440,335,1,0.0025806451612903
13,left,face_first-face_noncom,0.2,881,335,6,0.0098684210526315
13,left,face_first-face_noncom,0.3,1321,335,18,0.0217391304347826
13,left,face_first-face_noncom,0.4,1762,335,38,0.0362422508345255
13,left,face_first-face_noncom,0.5,2202,335,58,0.0457232952305873
13,left,face_first-face_noncom,0.6,2642,335,98,0.0658380920389654
13,left,face_first-face_noncom,0.7,3083,335,146,0.0854300760678759
13,left,face_first-face_noncom,0.8,3523,335,205,0.1062726801451529
13,left,face_first-face_noncom,0.9,3930,335,258,0.1209847596717467
13,left,face_first-face_noncom,1.0,3930,335,258,0.1209847596717467
13,right,face_first-face_noncom,0.05,196,196,2,0.010204081632653
13,right,face_first-face_noncom,0.1,393,249,8,0.0249221183800623
13,right,face_first-face_noncom,0.2,786,249,28,0.0541062801932367
13,right,face_first-face_noncom,0.3,1179,249,54,0.0756302521008403
13,right,face_first-face_noncom,0.4,1572,249,84,0.0922570016474464
13,right,face_first-face_noncom,0.5,1964,249,109,0.0985088115680072
13,right,face_first-face_noncom,0.6,2357,249,132,0.101304681504221
13,right,face_first-face_noncom,0.7,2750,249,148,0.098699566522174
13,right,face_first-face_noncom,0.8,3143,249,171,0.1008254716981132
13,right,face_first-face_noncom,0.9,3536,249,200,0.1056803170409511
13,right,face_first-face_noncom,1.0,3575,249,203,0.1061715481171548
13,left,face_third-face_noncom,0.05,220,220,8,0.0363636363636363
13,left,face_third-face_noncom,0.1,440,335,19,0.0490322580645161
13,left,face_third-face_noncom,0.2,881,335,43,0.0707236842105263
13,left,face_third-face_noncom,0.3,1321,335,63,0.0760869565217391
13,left,face_third-face_noncom,0.4,1762,335,90,0.0858369098712446
13,left,face_third-face_noncom,0.5,2031,335,109,0.092138630600169
13,left,face_third-face_noncom,0.6,2031,335,109,0.092138630600169
13,left,face_third-face_noncom,0.7,2031,335,109,0.092138630600169
13,left,face_third-face_noncom,0.8,2031,335,109,0.092138630600169
13,left,face_third-face_noncom,0.9,2031,335,109,0.092138630600169
13,left,face_third-face_noncom,1.0,2031,335,109,0.092138630600169
13,right,face_third-face_noncom,0.05,196,196,8,0.0408163265306122
13,right,face_third-face_noncom,0.1,393,249,35,0.1090342679127725
13,right,face_third-face_noncom,0.2,786,249,56,0.1082125603864734
13,right,face_third-face_noncom,0.3,1179,249,83,0.1162464985994397
13,right,face_third-face_noncom,0.4,1572,249,101,0.1109280615046677
13,right,face_third-face_noncom,0.5,1964,249,124,0.1120650700406687
13,right,face_third-face_noncom,0.6,2357,249,150,0.1151189562547966
13,right,face_third-face_noncom,0.7,2575,249,170,0.1203966005665722
13,right,face_third-face_noncom,0.8,2575,249,170,0.1203966005665722
13,right,face_third-face_noncom,0.9,2575,249,170,0.1203966005665722
13,right,face_third-face_noncom,1.0,2575,249,170,0.1203966005665722
14,left,com_ind-ind,0.05,220,220,119,0.5409090909090909
14,left,com_ind-ind,0.1,440,440,210,0.4772727272727273
14,left,com_ind-ind,0.2,881,881,490,0.5561861520998865
14,left,com_ind-ind,0.3,1321,1321,779,0.5897047691143074
14,left,com_ind-ind,0.4,1762,1762,1120,0.6356413166855845
14,left,com_ind-ind,0.5,2202,2202,1471,0.6680290644868302
14,left,com_ind-ind,0.6,2642,2288,1689,0.6851926977687627
14,left,com_ind-ind,0.7,3083,2288,1837,0.6840439396760379
14,left,com_ind-ind,0.8,3523,2288,1967,0.6769919118912407
14,left,com_ind-ind,0.9,3638,2288,2005,0.6766790415119811
14,left,com_ind-ind,1.0,3638,2288,2005,0.6766790415119811
14,right,com_ind-ind,0.05,196,196,34,0.173469387755102
14,right,com_ind-ind,0.1,393,393,144,0.366412213740458
14,right,com_ind-ind,0.2,786,786,369,0.4694656488549618
14,right,com_ind-ind,0.3,1179,1179,657,0.5572519083969466
14,right,com_ind-ind,0.4,1572,1572,942,0.5992366412213741
14,right,com_ind-ind,0.5,1964,1964,1272,0.6476578411405295
14,right,com_ind-ind,0.6,2357,2134,1553,0.6916054330883991
14,right,com_ind-ind,0.7,2424,2134,1582,0.6941641070645019
14,right,com_ind-ind,0.8,2424,2134,1582,0.6941641070645019
14,right,com_ind-ind,0.9,2424,2134,1582,0.6941641070645019
14,right,com_ind-ind,1.0,2424,2134,1582,0.6941641070645019
14,left,com_phy-phy,0.05,220,220,156,0.7090909090909091
14,left,com_phy-phy,0.1,440,440,279,0.634090909090909
14,left,com_phy-phy,0.2,881,881,456,0.5175936435868331
14,left,com_phy-phy,0.3,1321,1321,722,0.546555639666919
14,left,com_phy-phy,0.4,1762,1762,1013,0.5749148694665154
14,left,com_phy-phy,0.5,2202,2202,1362,0.6185286103542235
14,left,com_phy-phy,0.6,2642,2288,1609,0.652738336713996
14,left,com_phy-phy,0.7,3083,2288,1782,0.6635635822007075
14,left,com_phy-phy,0.8,3523,2288,1960,0.6745826880055068
14,left,com_phy-phy,0.9,3964,2288,2118,0.6775431861804223
14,left,com_phy-phy,1.0,4058,2288,2153,0.6785376615190671
14,right,com_phy-phy,0.05,196,196,73,0.3724489795918367
14,right,com_phy-phy,0.1,393,393,134,0.3409669211195928
14,right,com_phy-phy,0.2,786,786,258,0.3282442748091603
14,right,com_phy-phy,0.3,1179,1179,439,0.3723494486853265
14,right,com_phy-phy,0.4,1572,1572,666,0.4236641221374045
14,right,com_phy-phy,0.5,1964,1964,988,0.5030549898167006
14,right,com_phy-phy,0.6,2357,2134,1268,0.5646849254063683
14,right,com_phy-phy,0.7,2750,2134,1486,0.6085176085176085
14,right,com_phy-phy,0.8,3143,2134,1690,0.6405154443812773
14,right,com_phy-phy,0.9,3536,2134,1903,0.6712522045855379
14,right,com_phy-phy,1.0,3836,2134,2089,0.6998324958123953
14,left,face_first-face_noncom,0.05,220,220,0,0.0
14,left,face_first-face_noncom,0.1,440,440,22,0.05
14,left,face_first-face_noncom,0.2,881,881,166,0.188422247446084
14,left,face_first-face_noncom,0.3,1321,1321,414,0.3133989401968206
14,left,face_first-face_noncom,0.4,1762,1762,768,0.4358683314415437
14,left,face_first-face_noncom,0.5,2202,2202,1225,0.5563124432334242
14,left,face_first-face_noncom,0.6,2313,2288,1328,0.5772658117800478
14,left,face_first-face_noncom,0.7,2313,2288,1328,0.5772658117800478
14,left,face_first-face_noncom,0.8,2313,2288,1328,0.5772658117800478
14,left,face_first-face_noncom,0.9,2313,2288,1328,0.5772658117800478
14,left,face_first-face_noncom,1.0,2313,2288,1328,0.5772658117800478
14,right,face_first-face_noncom,0.05,196,196,61,0.3112244897959184
14,right,face_first-face_noncom,0.1,393,393,113,0.2875318066157761
14,right,face_first-face_noncom,0.2,786,786,263,0.3346055979643766
14,right,face_first-face_noncom,0.3,1179,1179,496,0.4206955046649703
14,right,face_first-face_noncom,0.4,1572,1572,834,0.5305343511450382
14,right,face_first-face_noncom,0.5,1964,1964,1208,0.615071283095723
14,right,face_first-face_noncom,0.6,2357,2134,1512,0.6733466933867736
14,right,face_first-face_noncom,0.7,2750,2134,1717,0.7031122031122031
14,right,face_first-face_noncom,0.8,3143,2134,1896,0.7185901080159182
14,right,face_first-face_noncom,0.9,3245,2134,1937,0.7202082171407325
14,right,face_first-face_noncom,1.0,3245,2134,1937,0.7202082171407325
14,left,face_third-face_noncom,0.05,220,220,0,0.0
14,left,face_third-face_noncom,0.1,440,440,28,0.0636363636363636
14,left,face_third-face_noncom,0.2,881,881,182,0.2065834279228149
14,left,face_third-face_noncom,0.3,1117,1321,353,0.2895816242821985
14,left,face_third-face_noncom,0.4,1117,1762,479,0.332754428621049
14,left,face_third-face_noncom,0.5,1117,2202,628,0.3784272371196143
14,left,face_third-face_noncom,0.6,1117,2288,654,0.3841409691629956
14,left,face_third-face_noncom,0.7,1117,2288,654,0.3841409691629956
14,left,face_third-face_noncom,0.8,1117,2288,654,0.3841409691629956
14,left,face_third-face_noncom,0.9,1117,2288,654,0.3841409691629956
14,left,face_third-face_noncom,1.0,1117,2288,654,0.3841409691629956
14,right,face_third-face_noncom,0.05,196,196,20,0.1020408163265306
14,right,face_third-face_noncom,0.1,393,393,65,0.1653944020356234
14,right,face_third-face_noncom,0.2,786,786,186,0.2366412213740458
14,right,face_third-face_noncom,0.3,1179,1179,368,0.3121289228159457
14,right,face_third-face_noncom,0.4,1515,1572,650,0.4211208292840946
14,right,face_third-face_noncom,0.5,1515,1964,780,0.4484047139982753
14,right,face_third-face_noncom,0.6,1515,2134,851,0.4664291586736092
14,right,face_third-face_noncom,0.7,1515,2134,851,0.4664291586736092
14,right,face_third-face_noncom,0.8,1515,2134,851,0.4664291586736092
14,right,face_third-face_noncom,0.9,1515,2134,851,0.4664291586736092
14,right,face_third-face_noncom,1.0,1515,2134,851,0.4664291586736092
15,left,com_ind-ind,0.05,220,220,5,0.0227272727272727
15,left,com_ind-ind,0.1,440,440,11,0.025
15,left,com_ind-ind,0.2,881,881,74,0.0839954597048808
15,left,com_ind-ind,0.3,1321,1321,249,0.1884935654806964
15,left,com_ind-ind,0.4,1567,1762,451,0.2709522379092821
15,left,com_ind-ind,0.5,1567,2202,582,0.3088352348102945
15,left,com_ind-ind,0.6,1567,2642,709,0.3368971252078878
15,left,com_ind-ind,0.7,1567,2935,808,0.3589515770768547
15,left,com_ind-ind,0.8,1567,2935,808,0.3589515770768547
15,left,com_ind-ind,0.9,1567,2935,808,0.3589515770768547
15,left,com_ind-ind,1.0,1567,2935,808,0.3589515770768547
15,right,com_ind-ind,0.05,196,196,29,0.1479591836734693
15,right,com_ind-ind,0.1,393,393,110,0.2798982188295165
15,right,com_ind-ind,0.2,786,786,277,0.3524173027989822
15,right,com_ind-ind,0.3,1179,1179,468,0.3969465648854962
15,right,com_ind-ind,0.4,1572,1572,728,0.4631043256997455
15,right,com_ind-ind,0.5,1964,1964,1068,0.5437881873727087
15,right,com_ind-ind,0.6,2002,2357,1261,0.5785730672172517
15,right,com_ind-ind,0.7,2002,2750,1438,0.6052188552188552
15,right,com_ind-ind,0.8,2002,3143,1631,0.6340136054421769
15,right,com_ind-ind,0.9,2002,3536,1831,0.6612495485734923
15,right,com_ind-ind,1.0,2002,3615,1863,0.6633434217553854
15,left,com_phy-phy,0.05,220,220,23,0.1045454545454545
15,left,com_phy-phy,0.1,440,440,115,0.2613636363636363
15,left,com_phy-phy,0.2,881,881,334,0.3791146424517593
15,left,com_phy-phy,0.3,1321,1321,563,0.4261922785768357
15,left,com_phy-phy,0.4,1762,1762,898,0.5096481271282634
15,left,com_phy-phy,0.5,2202,2202,1347,0.611716621253406
15,left,com_phy-phy,0.6,2642,2642,1889,0.714988644965935
15,left,com_phy-phy,0.7,2970,2935,2272,0.7695173581710415
15,left,com_phy-phy,0.8,2970,2935,2272,0.7695173581710415
15,left,com_phy-phy,0.9,2970,2935,2272,0.7695173581710415
15,left,com_phy-phy,1.0,2970,2935,2272,0.7695173581710415
15,right,com_phy-phy,0.05,196,196,23,0.1173469387755102
15,right,com_phy-phy,0.1,393,393,76,0.193384223918575
15,right,com_phy-phy,0.2,786,786,264,0.3358778625954198
15,right,com_phy-phy,0.3,1179,1179,514,0.4359626802374894
15,right,com_phy-phy,0.4,1572,1572,789,0.5019083969465649
15,right,com_phy-phy,0.5,1964,1964,1131,0.5758655804480651
15,right,com_phy-phy,0.6,2357,2357,1544,0.6550700042426814
15,right,com_phy-phy,0.7,2750,2750,2054,0.7469090909090909
15,right,com_phy-phy,0.8,3143,3143,2636,0.8386891504931594
15,right,com_phy-phy,0.9,3153,3536,2918,0.8724772013753924
15,right,com_phy-phy,1.0,3153,3615,2965,0.8761820330969267
15,left,face_first-face_noncom,0.05,220,220,1,0.0045454545454545
15,left,face_first-face_noncom,0.1,440,440,16,0.0363636363636363
15,left,face_first-face_noncom,0.2,881,881,130,0.1475595913734392
15,left,face_first-face_noncom,0.3,1321,1321,375,0.2838758516275549
15,left,face_first-face_noncom,0.4,1762,1762,724,0.4108967082860386
15,left,face_first-face_noncom,0.5,2102,2202,1109,0.5153345724907064
15,left,face_first-face_noncom,0.6,2102,2642,1359,0.5729342327150084
15,left,face_first-face_noncom,0.7,2102,2935,1513,0.600754417311892
15,left,face_first-face_noncom,0.8,2102,2935,1513,0.600754417311892
15,left,face_first-face_noncom,0.9,2102,2935,1513,0.600754417311892
15,left,face_first-face_noncom,1.0,2102,2935,1513,0.600754417311892
15,right,face_first-face_noncom,0.05,196,196,11,0.0561224489795918
15,right,face_first-face_noncom,0.1,393,393,39,0.099236641221374
15,right,face_first-face_noncom,0.2,786,786,164,0.2086513994910941
15,right,face_first-face_noncom,0.3,1179,1179,355,0.3011026293469042
15,right,face_first-face_noncom,0.4,1572,1572,598,0.3804071246819338
15,right,face_first-face_noncom,0.5,1780,1964,834,0.4455128205128205
15,right,face_first-face_noncom,0.6,1780,2357,1014,0.4902102973168963
15,right,face_first-face_noncom,0.7,1780,2750,1175,0.5187637969094923
15,right,face_first-face_noncom,0.8,1780,3143,1362,0.5533211456429007
15,right,face_first-face_noncom,0.9,1780,3536,1568,0.5899172310007524
15,right,face_first-face_noncom,1.0,1780,3615,1609,0.5964782205746061
15,left,face_third-face_noncom,0.05,220,220,13,0.059090909090909
15,left,face_third-face_noncom,0.1,440,440,65,0.1477272727272727
15,left,face_third-face_noncom,0.2,881,881,283,0.3212258796821793
15,left,face_third-face_noncom,0.3,1321,1321,563,0.4261922785768357
15,left,face_third-face_noncom,0.4,1762,1762,913,0.518161180476731
15,left,face_third-face_noncom,0.5,1994,2202,1211,0.5772163965681602
15,left,face_third-face_noncom,0.6,1994,2642,1399,0.6035375323554789
15,left,face_third-face_noncom,0.7,1994,2935,1490,0.6045851085412862
15,left,face_third-face_noncom,0.8,1994,2935,1490,0.6045851085412862
15,left,face_third-face_noncom,0.9,1994,2935,1490,0.6045851085412862
15,left,face_third-face_noncom,1.0,1994,2935,1490,0.6045851085412862
15,right,face_third-face_noncom,0.05,196,196,9,0.0459183673469387
15,right,face_third-face_noncom,0.1,393,393,55,0.1399491094147582
15,right,face_third-face_noncom,0.2,786,786,232,0.2951653944020356
15,right,face_third-face_noncom,0.3,1179,1179,472,0.4003392705682782
15,right,face_third-face_noncom,0.4,1572,1572,754,0.4796437659033079
15,right,face_third-face_noncom,0.5,1964,1964,1066,0.5427698574338086
15,right,face_third-face_noncom,0.6,2357,2357,1475,0.6257955027577429
15,right,face_third-face_noncom,0.7,2436,2750,1754,0.6764365599691478
15,right,face_third-face_noncom,0.8,2436,3143,1980,0.7098046244846746
15,right,face_third-face_noncom,0.9,2436,3536,2213,0.7411252511721367
15,right,face_third-face_noncom,1.0,2436,3615,2258,0.7463229218311023
16,left,com_ind-ind,0.05,220,220,10,0.0454545454545454
16,left,com_ind-ind,0.1,440,440,81,0.184090909090909
16,left,com_ind-ind,0.2,881,881,304,0.3450624290578887
16,left,com_ind-ind,0.3,1321,1201,508,0.4028548770816812
16,left,com_ind-ind,0.4,1501,1201,551,0.4078460399703923
16,left,com_ind-ind,0.5,1501,1201,551,0.4078460399703923
16,left,com_ind-ind,0.6,1501,1201,551,0.4078460399703923
16,left,com_ind-ind,0.7,1501,1201,551,0.4078460399703923
16,left,com_ind-ind,0.8,1501,1201,551,0.4078460399703923
16,left,com_ind-ind,0.9,1501,1201,551,0.4078460399703923
16,left,com_ind-ind,1.0,1501,1201,551,0.4078460399703923
16,right,com_ind-ind,0.05,196,196,88,0.4489795918367347
16,right,com_ind-ind,0.1,393,393,168,0.4274809160305343
16,right,com_ind-ind,0.2,786,786,343,0.4363867684478371
16,right,com_ind-ind,0.3,1179,1179,558,0.4732824427480916
16,right,com_ind-ind,0.4,1242,1572,717,0.509594882729211
16,right,com_ind-ind,0.5,1242,1761,780,0.5194805194805194
16,right,com_ind-ind,0.6,1242,1761,780,0.5194805194805194
16,right,com_ind-ind,0.7,1242,1761,780,0.5194805194805194
16,right,com_ind-ind,0.8,1242,1761,780,0.5194805194805194
16,right,com_ind-ind,0.9,1242,1761,780,0.5194805194805194
16,right,com_ind-ind,1.0,1242,1761,780,0.5194805194805194
16,left,com_phy-phy,0.05,220,220,25,0.1136363636363636
16,left,com_phy-phy,0.1,440,440,66,0.15
16,left,com_phy-phy,0.2,881,881,214,0.2429057888762769
16,left,com_phy-phy,0.3,1321,1201,374,0.2965900079302141
16,left,com_phy-phy,0.4,1762,1201,463,0.3125210934863314
16,left,com_phy-phy,0.5,2202,1201,557,0.3273582133411695
16,left,com_phy-phy,0.6,2642,1201,658,0.3424408014571949
16,left,com_phy-phy,0.7,3083,1201,764,0.3566760037348273
16,left,com_phy-phy,0.8,3188,1201,793,0.3613579403053087
16,left,com_phy-phy,0.9,3188,1201,793,0.3613579403053087
16,left,com_phy-phy,1.0,3188,1201,793,0.3613579403053087
16,right,com_phy-phy,0.05,196,196,92,0.4693877551020408
16,right,com_phy-phy,0.1,393,393,228,0.5801526717557252
16,right,com_phy-phy,0.2,786,786,459,0.583969465648855
16,right,com_phy-phy,0.3,1179,1179,697,0.5911789652247668
16,right,com_phy-phy,0.4,1572,1572,903,0.5744274809160306
16,right,com_phy-phy,0.5,1964,1761,1114,0.5981208053691275
16,right,com_phy-phy,0.6,2357,1761,1241,0.6027197668771248
16,right,com_phy-phy,0.7,2750,1761,1336,0.5923298603413877
16,right,com_phy-phy,0.8,3143,1761,1449,0.5909461663947798
16,right,com_phy-phy,0.9,3175,1761,1457,0.5903565640194489
16,right,com_phy-phy,1.0,3175,1761,1457,0.5903565640194489
16,left,face_first-face_noncom,0.05,220,220,6,0.0272727272727272
16,left,face_first-face_noncom,0.1,440,440,15,0.034090909090909
16,left,face_first-face_noncom,0.2,881,881,65,0.0737797956867196
16,left,face_first-face_noncom,0.3,1321,1201,167,0.1324345757335448
16,left,face_first-face_noncom,0.4,1762,1201,259,0.174822814714816
16,left,face_first-face_noncom,0.5,2202,1201,380,0.2233323538054657
16,left,face_first-face_noncom,0.6,2642,1201,532,0.2768670309653916
16,left,face_first-face_noncom,0.7,3020,1201,672,0.3184079601990049
16,left,face_first-face_noncom,0.8,3020,1201,672,0.3184079601990049
16,left,face_first-face_noncom,0.9,3020,1201,672,0.3184079601990049
16,left,face_first-face_noncom,1.0,3020,1201,672,0.3184079601990049
16,right,face_first-face_noncom,0.05,196,196,26,0.1326530612244898
16,right,face_first-face_noncom,0.1,393,393,90,0.2290076335877862
16,right,face_first-face_noncom,0.2,786,786,307,0.3905852417302799
16,right,face_first-face_noncom,0.3,1179,1179,552,0.4681933842239186
16,right,face_first-face_noncom,0.4,1572,1572,845,0.537531806615776
16,right,face_first-face_noncom,0.5,1964,1761,1103,0.5922147651006712
16,right,face_first-face_noncom,0.6,2357,1761,1264,0.6138902379796017
16,right,face_first-face_noncom,0.7,2750,1761,1393,0.6176014187541565
16,right,face_first-face_noncom,0.8,3029,1761,1494,0.6237995824634656
16,right,face_first-face_noncom,0.9,3029,1761,1494,0.6237995824634656
16,right,face_first-face_noncom,1.0,3029,1761,1494,0.6237995824634656
16,left,face_third-face_noncom,0.05,220,220,21,0.0954545454545454
16,left,face_third-face_noncom,0.1,440,440,62,0.1409090909090909
16,left,face_third-face_noncom,0.2,881,881,223,0.2531214528944381
16,left,face_third-face_noncom,0.3,1321,1201,423,0.3354480570975416
16,left,face_third-face_noncom,0.4,1762,1201,558,0.3766452919338508
16,left,face_third-face_noncom,0.5,2202,1201,680,0.3996473699676756
16,left,face_third-face_noncom,0.6,2642,1201,784,0.4080145719489982
16,left,face_third-face_noncom,0.7,3083,1201,908,0.4239028944911298
16,left,face_third-face_noncom,0.8,3523,1201,1012,0.4284504657070279
16,left,face_third-face_noncom,0.9,3571,1201,1028,0.4308466051969824
16,left,face_third-face_noncom,1.0,3571,1201,1028,0.4308466051969824
16,right,face_third-face_noncom,0.05,196,196,26,0.1326530612244898
16,right,face_third-face_noncom,0.1,393,393,85,0.2162849872773536
16,right,face_third-face_noncom,0.2,786,786,273,0.3473282442748092
16,right,face_third-face_noncom,0.3,1179,1179,505,0.4283290924512298
16,right,face_third-face_noncom,0.4,1572,1572,786,0.5
16,right,face_third-face_noncom,0.5,1964,1761,1012,0.5433557046979866
16,right,face_third-face_noncom,0.6,2357,1761,1189,0.5774647887323944
16,right,face_third-face_noncom,0.7,2750,1761,1329,0.5892263356240302
16,right,face_third-face_noncom,0.8,3143,1761,1474,0.6011419249592169
16,right,face_third-face_noncom,0.9,3536,1761,1605,0.6060033981498961
16,right,face_third-face_noncom,1.0,3659,1761,1655,0.6107011070110702
18,left,com_ind-ind,0.05,220,220,1,0.0045454545454545
18,left,com_ind-ind,0.1,440,440,28,0.0636363636363636
18,left,com_ind-ind,0.2,881,881,202,0.2292849035187287
18,left,com_ind-ind,0.3,1321,1321,464,0.3512490537471612
18,left,com_ind-ind,0.4,1762,1762,790,0.4483541430192962
18,left,com_ind-ind,0.5,2202,2202,1222,0.5549500454132607
18,left,com_ind-ind,0.6,2642,2642,1701,0.6438304314912945
18,left,com_ind-ind,0.7,3083,3083,2262,0.7337009406422316
18,left,com_ind-ind,0.8,3523,3523,2897,0.8223105307976156
18,left,com_ind-ind,0.9,3769,3904,3395,0.8849211520917503
18,left,com_ind-ind,1.0,3769,3904,3395,0.8849211520917503
18,right,com_ind-ind,0.05,196,196,73,0.3724489795918367
18,right,com_ind-ind,0.1,393,393,169,0.4300254452926209
18,right,com_ind-ind,0.2,786,786,320,0.4071246819338422
18,right,com_ind-ind,0.3,1179,1179,493,0.4181509754028838
18,right,com_ind-ind,0.4,1572,1572,729,0.4637404580152672
18,right,com_ind-ind,0.5,1964,1964,1066,0.5427698574338086
18,right,com_ind-ind,0.6,2357,2357,1488,0.6313109885447603
18,right,com_ind-ind,0.7,2750,2750,1957,0.7116363636363636
18,right,com_ind-ind,0.8,3143,3143,2514,0.7998727330575883
18,right,com_ind-ind,0.9,3363,3536,3014,0.8737498188143209
18,right,com_ind-ind,1.0,3363,3644,3104,0.8859711716854574
18,left,com_phy-phy,0.05,220,220,40,0.1818181818181818
18,left,com_phy-phy,0.1,440,440,119,0.2704545454545454
18,left,com_phy-phy,0.2,881,881,432,0.4903518728717366
18,left,com_phy-phy,0.3,1321,1321,788,0.5965177895533686
18,left,com_phy-phy,0.4,1762,1762,1164,0.6606129398410897
18,left,com_phy-phy,0.5,2202,2202,1557,0.7070844686648501
18,left,com_phy-phy,0.6,2642,2642,1990,0.753217259651779
18,left,com_phy-phy,0.7,3083,3083,2440,0.7914369120986052
18,left,com_phy-phy,0.8,3167,3523,2744,0.8203288490284006
18,left,com_phy-phy,0.9,3167,3904,2957,0.8363739216518172
18,left,com_phy-phy,1.0,3167,3904,2957,0.8363739216518172
18,right,com_phy-phy,0.05,196,196,74,0.3775510204081632
18,right,com_phy-phy,0.1,393,393,178,0.4529262086513995
18,right,com_phy-phy,0.2,786,786,369,0.4694656488549618
18,right,com_phy-phy,0.3,1179,1179,585,0.4961832061068702
18,right,com_phy-phy,0.4,1572,1572,918,0.583969465648855
18,right,com_phy-phy,0.5,1964,1964,1300,0.6619144602851323
18,right,com_phy-phy,0.6,2138,2357,1618,0.7199110122358175
18,right,com_phy-phy,0.7,2138,2750,1789,0.7319967266775778
18,right,com_phy-phy,0.8,2138,3143,1918,0.7263775800037872
18,right,com_phy-phy,0.9,2138,3536,2038,0.7183644695100458
18,right,com_phy-phy,1.0,2138,3644,2064,0.7139398132134209
18,left,face_first-face_noncom,0.05,220,220,2,0.009090909090909
18,left,face_first-face_noncom,0.1,440,440,37,0.084090909090909
18,left,face_first-face_noncom,0.2,881,881,208,0.2360953461975028
18,left,face_first-face_noncom,0.3,1321,1321,448,0.3391370174110522
18,left,face_first-face_noncom,0.4,1554,1762,664,0.4004825090470446
18,left,face_first-face_noncom,0.5,1554,2202,832,0.443024494142705
18,left,face_first-face_noncom,0.6,1554,2642,994,0.4737845567206863
18,left,face_first-face_noncom,0.7,1554,3083,1129,0.4869527711882683
18,left,face_first-face_noncom,0.8,1554,3523,1270,0.5002954500689384
18,left,face_first-face_noncom,0.9,1554,3904,1393,0.5104433858556248
18,left,face_first-face_noncom,1.0,1554,3904,1393,0.5104433858556248
18,right,face_first-face_noncom,0.05,196,196,67,0.3418367346938775
18,right,face_first-face_noncom,0.1,393,393,156,0.3969465648854962
18,right,face_first-face_noncom,0.2,786,786,367,0.4669211195928753
18,right,face_first-face_noncom,0.3,1179,1179,586,0.4970313825275657
18,right,face_first-face_noncom,0.4,1572,1572,870,0.5534351145038168
18,right,face_first-face_noncom,0.5,1964,1964,1219,0.6206720977596741
18,right,face_first-face_noncom,0.6,2357,2357,1658,0.7034365719134493
18,right,face_first-face_noncom,0.7,2641,2750,2064,0.7657206455203116
18,right,face_first-face_noncom,0.8,2641,3143,2265,0.783195020746888
18,right,face_first-face_noncom,0.9,2641,3536,2449,0.7929415573903189
18,right,face_first-face_noncom,1.0,2641,3644,2502,0.7961813842482101
18,left,face_third-face_noncom,0.05,220,220,6,0.0272727272727272
18,left,face_third-face_noncom,0.1,440,440,67,0.1522727272727272
18,left,face_third-face_noncom,0.2,881,881,312,0.3541430192962542
18,left,face_third-face_noncom,0.3,1321,1321,627,0.4746404239212717
18,left,face_third-face_noncom,0.4,1762,1762,1014,0.5754824063564131
18,left,face_third-face_noncom,0.5,2202,2202,1429,0.6489554950045413
18,left,face_third-face_noncom,0.6,2323,2642,1688,0.6799597180261833
18,left,face_third-face_noncom,0.7,2323,3083,1863,0.6892341842397336
18,left,face_third-face_noncom,0.8,2323,3523,2022,0.6917550461854259
18,left,face_third-face_noncom,0.9,2323,3904,2163,0.6947165569295005
18,left,face_third-face_noncom,1.0,2323,3904,2163,0.6947165569295005
18,right,face_third-face_noncom,0.05,196,196,86,0.4387755102040816
18,right,face_third-face_noncom,0.1,393,393,203,0.5165394402035624
18,right,face_third-face_noncom,0.2,786,786,417,0.5305343511450382
18,right,face_third-face_noncom,0.3,1179,1179,670,0.5682782018659881
18,right,face_third-face_noncom,0.4,1572,1572,986,0.6272264631043257
18,right,face_third-face_noncom,0.5,1964,1964,1331,0.6776985743380856
18,right,face_third-face_noncom,0.6,2357,2357,1752,0.7433177768349597
18,right,face_third-face_noncom,0.7,2750,2750,2196,0.7985454545454546
18,right,face_third-face_noncom,0.8,3017,3143,2576,0.8363636363636363
18,right,face_third-face_noncom,0.9,3017,3536,2800,0.8545704257591943
18,right,face_third-face_noncom,1.0,3017,3644,2863,0.8596306860831707
19,left,com_ind-ind,0.05,220,220,63,0.2863636363636364
19,left,com_ind-ind,0.1,440,440,113,0.2568181818181818
19,left,com_ind-ind,0.2,881,881,227,0.2576617480136209
19,left,com_ind-ind,0.3,1321,1321,430,0.3255109765329296
19,left,com_ind-ind,0.4,1762,1762,789,0.4477866061293984
19,left,com_ind-ind,0.5,2013,1965,1040,0.5228758169934641
19,left,com_ind-ind,0.6,2013,1965,1040,0.5228758169934641
19,left,com_ind-ind,0.7,2013,1965,1040,0.5228758169934641
19,left,com_ind-ind,0.8,2013,1965,1040,0.5228758169934641
19,left,com_ind-ind,0.9,2013,1965,1040,0.5228758169934641
19,left,com_ind-ind,1.0,2013,1965,1040,0.5228758169934641
19,right,com_ind-ind,0.05,196,196,54,0.2755102040816326
19,right,com_ind-ind,0.1,393,393,176,0.4478371501272264
19,right,com_ind-ind,0.2,786,786,483,0.6145038167938931
19,right,com_ind-ind,0.3,1179,1179,828,0.7022900763358778
19,right,com_ind-ind,0.4,1572,1572,1139,0.7245547073791349
19,right,com_ind-ind,0.5,1964,1964,1473,0.75
19,right,com_ind-ind,0.6,2040,2357,1690,0.7687059358653627
19,right,com_ind-ind,0.7,2040,2619,1790,0.7684052371753595
19,right,com_ind-ind,0.8,2040,2619,1790,0.7684052371753595
19,right,com_ind-ind,0.9,2040,2619,1790,0.7684052371753595
19,right,com_ind-ind,1.0,2040,2619,1790,0.7684052371753595
19,left,com_phy-phy,0.05,220,220,120,0.5454545454545454
19,left,com_phy-phy,0.1,440,440,191,0.4340909090909091
19,left,com_phy-phy,0.2,881,881,365,0.4143019296254256
19,left,com_phy-phy,0.3,1321,1321,635,0.4806964420893262
19,left,com_phy-phy,0.4,1762,1762,937,0.5317820658342792
19,left,com_phy-phy,0.5,2202,1965,1167,0.5601151907847373
19,left,com_phy-phy,0.6,2313,1965,1209,0.5652173913043478
19,left,com_phy-phy,0.7,2313,1965,1209,0.5652173913043478
19,left,com_phy-phy,0.8,2313,1965,1209,0.5652173913043478
19,left,com_phy-phy,0.9,2313,1965,1209,0.5652173913043478
19,left,com_phy-phy,1.0,2313,1965,1209,0.5652173913043478
19,right,com_phy-phy,0.05,196,196,46,0.2346938775510204
19,right,com_phy-phy,0.1,393,393,149,0.3791348600508906
19,right,com_phy-phy,0.2,786,786,393,0.5
19,right,com_phy-phy,0.3,1179,1179,671,0.5691263782866837
19,right,com_phy-phy,0.4,1572,1572,976,0.6208651399491094
19,right,com_phy-phy,0.5,1964,1964,1351,0.6878818737270875
19,right,com_phy-phy,0.6,2357,2357,1796,0.7619855748833263
19,right,com_phy-phy,0.7,2750,2619,2174,0.8098342335630471
19,right,com_phy-phy,0.8,2912,2619,2246,0.812149701681432
19,right,com_phy-phy,0.9,2912,2619,2246,0.812149701681432
19,right,com_phy-phy,1.0,2912,2619,2246,0.812149701681432
19,left,face_first-face_noncom,0.05,220,220,39,0.1772727272727272
19,left,face_first-face_noncom,0.1,440,440,132,0.3
19,left,face_first-face_noncom,0.2,881,881,412,0.4676503972758229
19,left,face_first-face_noncom,0.3,1321,1321,746,0.5647236941710825
19,left,face_first-face_noncom,0.4,1762,1762,1065,0.6044267877412032
19,left,face_first-face_noncom,0.5,2202,1965,1343,0.6445884329253659
19,left,face_first-face_noncom,0.6,2281,1965,1375,0.6476683937823834
19,left,face_first-face_noncom,0.7,2281,1965,1375,0.6476683937823834
19,left,face_first-face_noncom,0.8,2281,1965,1375,0.6476683937823834
19,left,face_first-face_noncom,0.9,2281,1965,1375,0.6476683937823834
19,left,face_first-face_noncom,1.0,2281,1965,1375,0.6476683937823834
19,right,face_first-face_noncom,0.05,196,196,29,0.1479591836734693
19,right,face_first-face_noncom,0.1,393,393,122,0.3104325699745547
19,right,face_first-face_noncom,0.2,786,786,351,0.4465648854961832
19,right,face_first-face_noncom,0.3,1179,1179,608,0.5156912637828668
19,right,face_first-face_noncom,0.4,1572,1572,893,0.5680661577608143
19,right,face_first-face_noncom,0.5,1964,1964,1199,0.610488798370672
19,right,face_first-face_noncom,0.6,2357,2357,1583,0.6716164616037336
19,right,face_first-face_noncom,0.7,2750,2619,1926,0.7174520394859378
19,right,face_first-face_noncom,0.8,3143,2619,2148,0.7455744533148212
19,right,face_first-face_noncom,0.9,3341,2619,2260,0.7583892617449665
19,right,face_first-face_noncom,1.0,3341,2619,2260,0.7583892617449665
19,left,face_third-face_noncom,0.05,220,220,15,0.0681818181818181
19,left,face_third-face_noncom,0.1,440,440,80,0.1818181818181818
19,left,face_third-face_noncom,0.2,881,881,331,0.3757094211123723
19,left,face_third-face_noncom,0.3,1321,1321,648,0.4905374716124148
19,left,face_third-face_noncom,0.4,1762,1762,1008,0.5720771850170261
19,left,face_third-face_noncom,0.5,2202,1965,1288,0.6181905447564194
19,left,face_third-face_noncom,0.6,2642,1965,1447,0.6281745170392881
19,left,face_third-face_noncom,0.7,3083,1965,1594,0.6315372424722663
19,left,face_third-face_noncom,0.8,3523,1965,1748,0.6370262390670554
19,left,face_third-face_noncom,0.9,3791,1965,1814,0.6302988186240445
19,left,face_third-face_noncom,1.0,3791,1965,1814,0.6302988186240445
19,right,face_third-face_noncom,0.05,196,196,18,0.0918367346938775
19,right,face_third-face_noncom,0.1,393,393,100,0.2544529262086514
19,right,face_third-face_noncom,0.2,786,786,301,0.3829516539440203
19,right,face_third-face_noncom,0.3,1179,1179,556,0.4715860899067006
19,right,face_third-face_noncom,0.4,1572,1572,840,0.5343511450381679
19,right,face_third-face_noncom,0.5,1964,1964,1204,0.6130346232179226
19,right,face_third-face_noncom,0.6,2357,2357,1633,0.6928298684768774
19,right,face_third-face_noncom,0.7,2750,2619,2045,0.7617805922890669
19,right,face_third-face_noncom,0.8,3143,2619,2281,0.7917389795209997
19,right,face_third-face_noncom,0.9,3536,2619,2486,0.8077985377741673
19,right,face_third-face_noncom,1.0,3667,2619,2550,0.811326757874642
20,left,com_ind-ind,0.05,220,220,110,0.5
20,left,com_ind-ind,0.1,440,440,162,0.3681818181818181
20,left,com_ind-ind,0.2,881,881,323,0.3666288308740068
20,left,com_ind-ind,0.3,1321,1321,547,0.4140802422407267
20,left,com_ind-ind,0.4,1762,1762,871,0.4943246311010215
20,left,com_ind-ind,0.5,2202,2202,1261,0.572661217075386
20,left,com_ind-ind,0.6,2642,2642,1733,0.6559424678274035
20,left,com_ind-ind,0.7,3083,2892,2146,0.7183263598326359
20,left,com_ind-ind,0.8,3523,2892,2402,0.7488698363211224
20,left,com_ind-ind,0.9,3551,2892,2418,0.750582027006053
20,left,com_ind-ind,1.0,3551,2892,2418,0.750582027006053
20,right,com_ind-ind,0.05,196,196,4,0.0204081632653061
20,right,com_ind-ind,0.1,393,393,33,0.0839694656488549
20,right,com_ind-ind,0.2,786,786,223,0.2837150127226463
20,right,com_ind-ind,0.3,1179,1179,432,0.366412213740458
20,right,com_ind-ind,0.4,1572,1572,661,0.4204834605597964
20,right,com_ind-ind,0.5,1964,1964,965,0.4913441955193482
20,right,com_ind-ind,0.6,2357,2357,1372,0.5820958845990666
20,right,com_ind-ind,0.7,2750,2750,1887,0.6861818181818182
20,right,com_ind-ind,0.8,3143,3074,2440,0.7849445069969438
20,right,com_ind-ind,0.9,3236,3074,2520,0.7987321711568938
20,right,com_ind-ind,1.0,3236,3074,2520,0.7987321711568938
20,left,com_phy-phy,0.05,220,220,106,0.4818181818181818
20,left,com_phy-phy,0.1,440,440,165,0.375
20,left,com_phy-phy,0.2,881,881,366,0.4154370034052213
20,left,com_phy-phy,0.3,1321,1321,642,0.4859954579863739
20,left,com_phy-phy,0.4,1762,1762,981,0.5567536889897844
20,left,com_phy-phy,0.5,2202,2202,1397,0.6344232515894641
20,left,com_phy-phy,0.6,2642,2642,1880,0.7115821347464042
20,left,com_phy-phy,0.7,3083,2892,2294,0.7678661087866109
20,left,com_phy-phy,0.8,3156,2892,2340,0.7738095238095238
20,left,com_phy-phy,0.9,3156,2892,2340,0.7738095238095238
20,left,com_phy-phy,1.0,3156,2892,2340,0.7738095238095238
20,right,com_phy-phy,0.05,196,196,21,0.1071428571428571
20,right,com_phy-phy,0.1,393,393,64,0.1628498727735369
20,right,com_phy-phy,0.2,786,786,227,0.2888040712468193
20,right,com_phy-phy,0.3,1179,1179,506,0.4291772688719253
20,right,com_phy-phy,0.4,1572,1572,796,0.5063613231552163
20,right,com_phy-phy,0.5,1964,1964,1170,0.5957230142566191
20,right,com_phy-phy,0.6,2200,2357,1495,0.6561334211103796
20,right,com_phy-phy,0.7,2200,2750,1692,0.6836363636363636
20,right,com_phy-phy,0.8,2200,3074,1857,0.7042093287827076
20,right,com_phy-phy,0.9,2200,3074,1857,0.7042093287827076
20,right,com_phy-phy,1.0,2200,3074,1857,0.7042093287827076
20,left,face_first-face_noncom,0.05,220,220,70,0.3181818181818182
20,left,face_first-face_noncom,0.1,440,440,137,0.3113636363636363
20,left,face_first-face_noncom,0.2,881,881,340,0.3859250851305335
20,left,face_first-face_noncom,0.3,1321,1321,610,0.4617713853141559
20,left,face_first-face_noncom,0.4,1762,1762,935,0.5306469920544835
20,left,face_first-face_noncom,0.5,2202,2202,1340,0.6085376930063578
20,left,face_first-face_noncom,0.6,2642,2642,1827,0.6915215745647237
20,left,face_first-face_noncom,0.7,3028,2892,2220,0.75
20,left,face_first-face_noncom,0.8,3028,2892,2220,0.75
20,left,face_first-face_noncom,0.9,3028,2892,2220,0.75
20,left,face_first-face_noncom,1.0,3028,2892,2220,0.75
20,right,face_first-face_noncom,0.05,196,196,17,0.086734693877551
20,right,face_first-face_noncom,0.1,393,393,90,0.2290076335877862
20,right,face_first-face_noncom,0.2,786,786,352,0.4478371501272264
20,right,face_first-face_noncom,0.3,1179,1179,621,0.5267175572519084
20,right,face_first-face_noncom,0.4,1572,1572,910,0.5788804071246819
20,right,face_first-face_noncom,0.5,1964,1964,1229,0.6257637474541752
20,right,face_first-face_noncom,0.6,2357,2357,1640,0.6957997454391175
20,right,face_first-face_noncom,0.7,2750,2750,2116,0.7694545454545455
20,right,face_first-face_noncom,0.8,3143,3074,2552,0.8209747466623774
20,right,face_first-face_noncom,0.9,3390,3074,2707,0.8375618811881188
20,right,face_first-face_noncom,1.0,3390,3074,2707,0.8375618811881188
20,left,face_third-face_noncom,0.05,220,220,20,0.0909090909090909
20,left,face_third-face_noncom,0.1,440,440,54,0.1227272727272727
20,left,face_third-face_noncom,0.2,881,881,214,0.2429057888762769
20,left,face_third-face_noncom,0.3,1321,1321,460,0.3482210446631339
20,left,face_third-face_noncom,0.4,1762,1762,828,0.4699205448354143
20,left,face_third-face_noncom,0.5,2202,2202,1261,0.572661217075386
20,left,face_third-face_noncom,0.6,2642,2642,1782,0.6744890234670704
20,left,face_third-face_noncom,0.7,2773,2892,2032,0.71738746690203
20,left,face_third-face_noncom,0.8,2773,2892,2032,0.71738746690203
20,left,face_third-face_noncom,0.9,2773,2892,2032,0.71738746690203
20,left,face_third-face_noncom,1.0,2773,2892,2032,0.71738746690203
20,right,face_third-face_noncom,0.05,196,196,0,0.0
20,right,face_third-face_noncom,0.1,393,393,18,0.0458015267175572
20,right,face_third-face_noncom,0.2,786,786,144,0.183206106870229
20,right,face_third-face_noncom,0.3,1179,1179,402,0.3409669211195928
20,right,face_third-face_noncom,0.4,1572,1572,717,0.4561068702290076
20,right,face_third-face_noncom,0.5,1964,1964,1123,0.5717922606924644
20,right,face_third-face_noncom,0.6,2357,2357,1592,0.6754348748408995
20,right,face_third-face_noncom,0.7,2736,2750,2090,0.7619394823186293
20,right,face_third-face_noncom,0.8,2736,3074,2297,0.7907056798623063
20,right,face_third-face_noncom,0.9,2736,3074,2297,0.7907056798623063
20,right,face_third-face_noncom,1.0,2736,3074,2297,0.7907056798623063
21,left,com_ind-ind,0.05,220,220,25,0.1136363636363636
21,left,com_ind-ind,0.1,440,440,74,0.1681818181818181
21,left,com_ind-ind,0.2,881,881,204,0.23155505107832
21,left,com_ind-ind,0.3,1321,1321,438,0.3315669947009841
21,left,com_ind-ind,0.4,1762,1762,779,0.4421112372304199
21,left,com_ind-ind,0.5,2202,2109,1158,0.5372303409881698
21,left,com_ind-ind,0.6,2600,2109,1364,0.5793162030155022
21,left,com_ind-ind,0.7,2600,2109,1364,0.5793162030155022
21,left,com_ind-ind,0.8,2600,2109,1364,0.5793162030155022
21,left,com_ind-ind,0.9,2600,2109,1364,0.5793162030155022
21,left,com_ind-ind,1.0,2600,2109,1364,0.5793162030155022
21,right,com_ind-ind,0.05,196,196,63,0.3214285714285714
21,right,com_ind-ind,0.1,393,393,155,0.3944020356234097
21,right,com_ind-ind,0.2,786,786,348,0.4427480916030534
21,right,com_ind-ind,0.3,1179,1179,583,0.4944868532654792
21,right,com_ind-ind,0.4,1572,1572,842,0.5356234096692112
21,right,com_ind-ind,0.5,1964,1964,1178,0.59979633401222
21,right,com_ind-ind,0.6,2357,2079,1455,0.6559963931469792
21,right,com_ind-ind,0.7,2533,2079,1541,0.6682567215958369
21,right,com_ind-ind,0.8,2533,2079,1541,0.6682567215958369
21,right,com_ind-ind,0.9,2533,2079,1541,0.6682567215958369
21,right,com_ind-ind,1.0,2533,2079,1541,0.6682567215958369
21,left,com_phy-phy,0.05,220,220,25,0.1136363636363636
21,left,com_phy-phy,0.1,440,440,96,0.2181818181818181
21,left,com_phy-phy,0.2,881,881,298,0.3382519863791146
21,left,com_phy-phy,0.3,1321,1321,573,0.4337623012869038
21,left,com_phy-phy,0.4,1762,1762,944,0.5357548240635641
21,left,com_phy-phy,0.5,2202,2109,1333,0.6184180004639295
21,left,com_phy-phy,0.6,2642,2109,1536,0.6466007156388128
21,left,com_phy-phy,0.7,3083,2109,1735,0.6683359013867488
21,left,com_phy-phy,0.8,3220,2109,1788,0.6710452242446988
21,left,com_phy-phy,0.9,3220,2109,1788,0.6710452242446988
21,left,com_phy-phy,1.0,3220,2109,1788,0.6710452242446988
21,right,com_phy-phy,0.05,196,196,7,0.0357142857142857
21,right,com_phy-phy,0.1,393,393,34,0.0865139949109414
21,right,com_phy-phy,0.2,786,786,145,0.1844783715012722
21,right,com_phy-phy,0.3,1179,1179,339,0.2875318066157761
21,right,com_phy-phy,0.4,1572,1572,609,0.3874045801526717
21,right,com_phy-phy,0.5,1964,1964,957,0.4872708757637474
21,right,com_phy-phy,0.6,2357,2079,1260,0.5680793507664562
21,right,com_phy-phy,0.7,2699,2079,1448,0.6061113436584344
21,right,com_phy-phy,0.8,2699,2079,1448,0.6061113436584344
21,right,com_phy-phy,0.9,2699,2079,1448,0.6061113436584344
21,right,com_phy-phy,1.0,2699,2079,1448,0.6061113436584344
21,left,face_first-face_noncom,0.05,220,220,5,0.0227272727272727
21,left,face_first-face_noncom,0.1,440,440,30,0.0681818181818181
21,left,face_first-face_noncom,0.2,881,881,128,0.1452894438138479
21,left,face_first-face_noncom,0.3,1321,1321,326,0.246782740348221
21,left,face_first-face_noncom,0.4,1762,1762,677,0.3842224744608399
21,left,face_first-face_noncom,0.5,2202,2109,1044,0.4843423799582463
21,left,face_first-face_noncom,0.6,2642,2109,1263,0.5316775415701958
21,left,face_first-face_noncom,0.7,3083,2109,1493,0.575115562403698
21,left,face_first-face_noncom,0.8,3328,2109,1628,0.5988596652565753
21,left,face_first-face_noncom,0.9,3328,2109,1628,0.5988596652565753
21,left,face_first-face_noncom,1.0,3328,2109,1628,0.5988596652565753
21,right,face_first-face_noncom,0.05,196,196,4,0.0204081632653061
21,right,face_first-face_noncom,0.1,393,393,24,0.0610687022900763
21,right,face_first-face_noncom,0.2,786,786,152,0.193384223918575
21,right,face_first-face_noncom,0.3,1179,1179,351,0.2977099236641221
21,right,face_first-face_noncom,0.4,1572,1572,597,0.3797709923664122
21,right,face_first-face_noncom,0.5,1964,1964,960,0.4887983706720977
21,right,face_first-face_noncom,0.6,2357,2079,1219,0.5495942290351669
21,right,face_first-face_noncom,0.7,2750,2079,1446,0.5988817560571547
21,right,face_first-face_noncom,0.8,3143,2079,1683,0.6445806204519341
21,right,face_first-face_noncom,0.9,3429,2079,1849,0.6713870733478576
21,right,face_first-face_noncom,1.0,3429,2079,1849,0.6713870733478576
21,left,face_third-face_noncom,0.05,220,220,13,0.059090909090909
21,left,face_third-face_noncom,0.1,440,440,86,0.1954545454545454
21,left,face_third-face_noncom,0.2,881,881,273,0.3098751418842225
21,left,face_third-face_noncom,0.3,1321,1321,490,0.3709311127933384
21,left,face_third-face_noncom,0.4,1762,1762,813,0.4614074914869466
21,left,face_third-face_noncom,0.5,2202,2109,1200,0.5567153792623522
21,left,face_third-face_noncom,0.6,2642,2109,1431,0.6023994948431909
21,left,face_third-face_noncom,0.7,3083,2109,1647,0.634437596302003
21,left,face_third-face_noncom,0.8,3523,2109,1820,0.6463068181818182
21,left,face_third-face_noncom,0.9,3658,2109,1876,0.6505982313161089
21,left,face_third-face_noncom,1.0,3658,2109,1876,0.6505982313161089
21,right,face_third-face_noncom,0.05,196,196,9,0.0459183673469387
21,right,face_third-face_noncom,0.1,393,393,56,0.1424936386768447
21,right,face_third-face_noncom,0.2,786,786,228,0.2900763358778626
21,right,face_third-face_noncom,0.3,1179,1179,473,0.4011874469889737
21,right,face_third-face_noncom,0.4,1572,1572,779,0.4955470737913486
21,right,face_third-face_noncom,0.5,1964,1964,1123,0.5717922606924644
21,right,face_third-face_noncom,0.6,2357,2079,1369,0.6172227231740307
21,right,face_third-face_noncom,0.7,2750,2079,1562,0.6469248291571754
21,right,face_third-face_noncom,0.8,3143,2079,1753,0.6713902719264649
21,right,face_third-face_noncom,0.9,3237,2079,1790,0.673438675696012
21,right,face_third-face_noncom,1.0,3237,2079,1790,0.673438675696012
22,left,com_ind-ind,0.05,220,220,72,0.3272727272727272
22,left,com_ind-ind,0.1,440,440,149,0.3386363636363636
22,left,com_ind-ind,0.2,881,881,332,0.376844494892168
22,left,com_ind-ind,0.3,1321,1321,559,0.4231642694928085
22,left,com_ind-ind,0.4,1762,1762,897,0.5090805902383655
22,left,com_ind-ind,0.5,2202,2202,1257,0.5708446866485014
22,left,com_ind-ind,0.6,2527,2642,1616,0.6252660088992068
22,left,com_ind-ind,0.7,2527,3083,1879,0.6698752228163993
22,left,com_ind-ind,0.8,2527,3470,2081,0.6940136735034184
22,left,com_ind-ind,0.9,2527,3470,2081,0.6940136735034184
22,left,com_ind-ind,1.0,2527,3470,2081,0.6940136735034184
22,right,com_ind-ind,0.05,196,196,49,0.25
22,right,com_ind-ind,0.1,393,393,119,0.3027989821882951
22,right,com_ind-ind,0.2,786,786,344,0.4376590330788804
22,right,com_ind-ind,0.3,1179,1179,638,0.5411365564037319
22,right,com_ind-ind,0.4,1572,1572,945,0.601145038167939
22,right,com_ind-ind,0.5,1964,1964,1319,0.6715885947046843
22,right,com_ind-ind,0.6,2357,2357,1734,0.735680950360628
22,right,com_ind-ind,0.7,2502,2750,2012,0.7661843107387661
22,right,com_ind-ind,0.8,2502,3143,2181,0.7727192205491585
22,right,com_ind-ind,0.9,2502,3536,2327,0.7707850281550183
22,right,com_ind-ind,1.0,2502,3786,2450,0.7792620865139949
22,left,com_phy-phy,0.05,220,220,65,0.2954545454545454
22,left,com_phy-phy,0.1,440,440,118,0.2681818181818182
22,left,com_phy-phy,0.2,881,881,267,0.3030646992054484
22,left,com_phy-phy,0.3,1321,1321,468,0.3542770628311885
22,left,com_phy-phy,0.4,1762,1762,737,0.4182746878547105
22,left,com_phy-phy,0.5,2202,2202,1056,0.4795640326975476
22,left,com_phy-phy,0.6,2642,2642,1548,0.5859197577592733
22,left,com_phy-phy,0.7,3083,3083,2138,0.6934803762568926
22,left,com_phy-phy,0.8,3121,3470,2460,0.7464724624487938
22,left,com_phy-phy,0.9,3121,3470,2460,0.7464724624487938
22,left,com_phy-phy,1.0,3121,3470,2460,0.7464724624487938
22,right,com_phy-phy,0.05,196,196,61,0.3112244897959184
22,right,com_phy-phy,0.1,393,393,104,0.2646310432569974
22,right,com_phy-phy,0.2,786,786,244,0.3104325699745547
22,right,com_phy-phy,0.3,1179,1179,422,0.3579304495335029
22,right,com_phy-phy,0.4,1572,1572,668,0.4249363867684478
22,right,com_phy-phy,0.5,1964,1964,999,0.5086558044806517
22,right,com_phy-phy,0.6,2357,2357,1377,0.584217225286381
22,right,com_phy-phy,0.7,2750,2750,1880,0.6836363636363636
22,right,com_phy-phy,0.8,2956,3143,2326,0.7627479914740122
22,right,com_phy-phy,0.9,2956,3536,2657,0.8185459026494146
22,right,com_phy-phy,1.0,2956,3786,2858,0.8478196380895877
22,left,face_first-face_noncom,0.05,220,220,12,0.0545454545454545
22,left,face_first-face_noncom,0.1,440,440,40,0.0909090909090909
22,left,face_first-face_noncom,0.2,881,881,166,0.188422247446084
22,left,face_first-face_noncom,0.3,1321,1321,352,0.2664647993943982
22,left,face_first-face_noncom,0.4,1762,1762,628,0.3564131668558456
22,left,face_first-face_noncom,0.5,2202,2202,1026,0.4659400544959128
22,left,face_first-face_noncom,0.6,2642,2642,1534,0.5806207418622256
22,left,face_first-face_noncom,0.7,2699,3083,1831,0.6333448633690765
22,left,face_first-face_noncom,0.8,2699,3470,2079,0.6740152374777111
22,left,face_first-face_noncom,0.9,2699,3470,2079,0.6740152374777111
22,left,face_first-face_noncom,1.0,2699,3470,2079,0.6740152374777111
22,right,face_first-face_noncom,0.05,196,196,40,0.2040816326530612
22,right,face_first-face_noncom,0.1,393,393,76,0.193384223918575
22,right,face_first-face_noncom,0.2,786,786,200,0.2544529262086514
22,right,face_first-face_noncom,0.3,1179,1179,412,0.3494486853265479
22,right,face_first-face_noncom,0.4,1572,1572,753,0.4790076335877862
22,right,face_first-face_noncom,0.5,1964,1964,1160,0.5906313645621182
22,right,face_first-face_noncom,0.6,2357,2357,1607,0.6817988969028426
22,right,face_first-face_noncom,0.7,2750,2750,2081,0.7567272727272727
22,right,face_first-face_noncom,0.8,3143,3143,2607,0.8294622971683105
22,right,face_first-face_noncom,0.9,3437,3536,3173,0.9100817438692098
22,right,face_first-face_noncom,1.0,3437,3786,3359,0.930084452443583
22,left,face_third-face_noncom,0.05,220,220,6,0.0272727272727272
22,left,face_third-face_noncom,0.1,440,440,37,0.084090909090909
22,left,face_third-face_noncom,0.2,881,881,167,0.1895573212258796
22,left,face_third-face_noncom,0.3,1321,1321,377,0.2853898561695685
22,left,face_third-face_noncom,0.4,1762,1762,684,0.3881952326901248
22,left,face_third-face_noncom,0.5,2202,2202,1088,0.4940962761126249
22,left,face_third-face_noncom,0.6,2399,2642,1454,0.5768696687165245
22,left,face_third-face_noncom,0.7,2399,3083,1682,0.6136446552353155
22,left,face_third-face_noncom,0.8,2399,3470,1872,0.6379280967796899
22,left,face_third-face_noncom,0.9,2399,3470,1872,0.6379280967796899
22,left,face_third-face_noncom,1.0,2399,3470,1872,0.6379280967796899
22,right,face_third-face_noncom,0.05,196,196,45,0.2295918367346938
22,right,face_third-face_noncom,0.1,393,393,81,0.2061068702290076
22,right,face_third-face_noncom,0.2,786,786,218,0.27735368956743
22,right,face_third-face_noncom,0.3,1179,1179,413,0.3502968617472434
22,right,face_third-face_noncom,0.4,1572,1572,685,0.4357506361323155
22,right,face_third-face_noncom,0.5,1964,1964,1062,0.5407331975560081
22,right,face_third-face_noncom,0.6,2357,2357,1504,0.6380992787441663
22,right,face_third-face_noncom,0.7,2750,2750,1995,0.7254545454545455
22,right,face_third-face_noncom,0.8,3143,3143,2581,0.8211899459115495
22,right,face_third-face_noncom,0.9,3342,3536,3064,0.8909566734515848
22,right,face_third-face_noncom,1.0,3342,3786,3248,0.9113355780022446
23,left,com_ind-ind,0.05,220,220,66,0.3
23,left,com_ind-ind,0.1,440,440,157,0.3568181818181818
23,left,com_ind-ind,0.2,881,881,375,0.4256526674233825
23,left,com_ind-ind,0.3,1321,1321,618,0.4678274034822104
23,left,com_ind-ind,0.4,1762,1762,956,0.5425652667423383
23,left,com_ind-ind,0.5,2202,2202,1315,0.5971843778383288
23,left,com_ind-ind,0.6,2642,2642,1736,0.6570779712339136
23,left,com_ind-ind,0.7,2680,3083,1997,0.6930418184973104
23,left,com_ind-ind,0.8,2680,3523,2227,0.7180396582298888
23,left,com_ind-ind,0.9,2680,3947,2421,0.7306473517428701
23,left,com_ind-ind,1.0,2680,3947,2421,0.7306473517428701
23,right,com_ind-ind,0.05,196,196,46,0.2346938775510204
23,right,com_ind-ind,0.1,393,393,126,0.3206106870229007
23,right,com_ind-ind,0.2,786,786,374,0.4758269720101781
23,right,com_ind-ind,0.3,1179,1179,617,0.5233248515691263
23,right,com_ind-ind,0.4,1572,1572,915,0.5820610687022901
23,right,com_ind-ind,0.5,1964,1964,1289,0.6563136456211812
23,right,com_ind-ind,0.6,2357,2357,1696,0.7195587611370386
23,right,com_ind-ind,0.7,2750,2750,2160,0.7854545454545454
23,right,com_ind-ind,0.8,2820,3143,2455,0.8234110347140701
23,right,com_ind-ind,0.9,2820,3536,2660,0.8370044052863436
23,right,com_ind-ind,1.0,2820,3647,2702,0.83562702953456
23,left,com_phy-phy,0.05,220,220,86,0.3909090909090909
23,left,com_phy-phy,0.1,440,440,212,0.4818181818181818
23,left,com_phy-phy,0.2,881,881,432,0.4903518728717366
23,left,com_phy-phy,0.3,1321,1321,666,0.5041635124905375
23,left,com_phy-phy,0.4,1762,1762,959,0.5442678774120318
23,left,com_phy-phy,0.5,2202,2202,1302,0.5912806539509536
23,left,com_phy-phy,0.6,2526,2642,1659,0.6420278637770898
23,left,com_phy-phy,0.7,2526,3083,1855,0.6614369762881084
23,left,com_phy-phy,0.8,2526,3523,2051,0.6781286163002149
23,left,com_phy-phy,0.9,2526,3947,2260,0.6982851846130079
23,left,com_phy-phy,1.0,2526,3947,2260,0.6982851846130079
23,right,com_phy-phy,0.05,196,196,63,0.3214285714285714
23,right,com_phy-phy,0.1,393,393,159,0.4045801526717557
23,right,com_phy-phy,0.2,786,786,432,0.549618320610687
23,right,com_phy-phy,0.3,1179,1179,706,0.5988125530110263
23,right,com_phy-phy,0.4,1572,1572,1016,0.6463104325699746
23,right,com_phy-phy,0.5,1964,1964,1374,0.6995926680244399
23,right,com_phy-phy,0.6,2357,2357,1806,0.766228256257955
23,right,com_phy-phy,0.7,2750,2750,2266,0.824
23,right,com_phy-phy,0.8,2764,3143,2531,0.8569493820890469
23,right,com_phy-phy,0.9,2764,3536,2684,0.8520634920634921
23,right,com_phy-phy,1.0,2764,3647,2709,0.8451099672437997
23,left,face_first-face_noncom,0.05,220,220,54,0.2454545454545454
23,left,face_first-face_noncom,0.1,440,440,133,0.3022727272727272
23,left,face_first-face_noncom,0.2,881,881,295,0.3348467650397276
23,left,face_first-face_noncom,0.3,1321,1321,522,0.3951551854655564
23,left,face_first-face_noncom,0.4,1762,1762,825,0.4682179341657208
23,left,face_first-face_noncom,0.5,2057,2202,1106,0.5193707443061751
23,left,face_first-face_noncom,0.6,2057,2642,1277,0.5435198978506065
23,left,face_first-face_noncom,0.7,2057,3083,1463,0.569260700389105
23,left,face_first-face_noncom,0.8,2057,3523,1649,0.5910394265232974
23,left,face_first-face_noncom,0.9,2057,3947,1837,0.6119253830779481
23,left,face_first-face_noncom,1.0,2057,3947,1837,0.6119253830779481
23,right,face_first-face_noncom,0.05,196,196,30,0.1530612244897959
23,right,face_first-face_noncom,0.1,393,393,99,0.2519083969465648
23,right,face_first-face_noncom,0.2,786,786,314,0.3994910941475827
23,right,face_first-face_noncom,0.3,1179,1179,553,0.469041560644614
23,right,face_first-face_noncom,0.4,1572,1572,852,0.5419847328244275
23,right,face_first-face_noncom,0.5,1964,1964,1195,0.6084521384928717
23,right,face_first-face_noncom,0.6,2357,2357,1560,0.6618582944420874
23,right,face_first-face_noncom,0.7,2750,2750,2011,0.7312727272727273
23,right,face_first-face_noncom,0.8,3143,3143,2555,0.8129175946547884
23,right,face_first-face_noncom,0.9,3150,3536,2845,0.8510320071791804
23,right,face_first-face_noncom,1.0,3150,3647,2939,0.8647932911578637
23,left,face_third-face_noncom,0.05,220,220,56,0.2545454545454545
23,left,face_third-face_noncom,0.1,440,440,137,0.3113636363636363
23,left,face_third-face_noncom,0.2,881,881,305,0.3461975028376844
23,left,face_third-face_noncom,0.3,1312,1321,537,0.4078997341435624
23,left,face_third-face_noncom,0.4,1312,1762,670,0.4359141184124919
23,left,face_third-face_noncom,0.5,1312,2202,758,0.4314171883892999
23,left,face_third-face_noncom,0.6,1312,2642,838,0.4238745574102175
23,left,face_third-face_noncom,0.7,1312,3083,939,0.4273037542662116
23,left,face_third-face_noncom,0.8,1312,3523,1036,0.4285418821096173
23,left,face_third-face_noncom,0.9,1312,3947,1146,0.4358243011979463
23,left,face_third-face_noncom,1.0,1312,3947,1146,0.4358243011979463
23,right,face_third-face_noncom,0.05,196,196,15,0.0765306122448979
23,right,face_third-face_noncom,0.1,393,393,59,0.1501272264631043
23,right,face_third-face_noncom,0.2,786,786,222,0.2824427480916031
23,right,face_third-face_noncom,0.3,1179,1179,431,0.3655640373197625
23,right,face_third-face_noncom,0.4,1572,1572,685,0.4357506361323155
23,right,face_third-face_noncom,0.5,1964,1964,1019,0.5188391038696538
23,right,face_third-face_noncom,0.6,2090,2357,1275,0.5734202833370812
23,right,face_third-face_noncom,0.7,2090,2750,1470,0.6074380165289256
23,right,face_third-face_noncom,0.8,2090,3143,1700,0.6497229122874069
23,right,face_third-face_noncom,0.9,2090,3536,1911,0.6793458940632776
23,right,face_third-face_noncom,1.0,2090,3647,1962,0.6839811748300505
